Name,Term,ES,NES,NOM p-val,FDR q-val,FWER p-val,Tag %,Gene %,Lead_genes,cell_type
prerank,Oxidative Phosphorylation,-0.44339938015379715,-2.1246521642522325,0.0,0.0,0.0,85/198,19.96%,ATP5F1C;SLC25A5;ATP5F1B;TIMM8B;NDUFS2;UQCRC2;UQCRH;ATP5MC3;TIMM13;NDUFV2;COX5A;LDHB;ETFB;NDUFB6;PRDX3;UQCRFS1;CYC1;MRPL15;ATP5F1E;BDH2;MRPL35;COX6B1;IMMT;PDHB;NDUFA2;ATP5MF;COX6C;MRPS30;CS;SLC25A20;ATP5MC2;IDH2;ATP5F1A;ATP6V1D;UQCR10;COX7B;ALAS1;IDH3B;MRPS11;NDUFB4;MDH2;ATP6V1F;SLC25A12;ETFA;AIFM1;ATP5PF;NDUFA7;NDUFS7;NDUFS6;SLC25A3;VDAC2;NDUFB2;ATP5PB;ECH1;NDUFS3;OXA1L;NDUFB5;MRPS12;FXN;VDAC1;MDH1;PMPCA;PDP1;ATP5PO;TIMM50;SDHD;SUCLG1;MRPS15;NDUFV1;SUCLA2;COX6A1;DECR1;TOMM22;NDUFB3;NDUFS8;NNT;COX5B;SLC25A6;TIMM17A;FH;MTX2;HTRA2;MRPL34;NDUFA8;ACAA1,CD8_GZMK__naive_Tcm
prerank,Epithelial Mesenchymal Transition,0.565354178806533,2.0529392427498436,0.0,0.0,0.0,30/73,11.42%,IGFBP3;TIMP1;IL15;VIM;GLIPR1;ITGB1;ID2;ENO2;SGCD;SGCB;CD59;RHOB;PLOD3;AREG;TGFBI;PPIB;IL32;NT5E;NOTCH2;EMP3;FAS;PFN2;GADD45B;LOXL1;CADM1;PLAUR;TGFBR3;VCAM1;COPA;LGALS1,CD8_GZMK__naive_Tcm
prerank,IL-2/STAT5 Signaling,0.4886421838338378,1.9509006551835526,0.0,0.0004994577316056853,0.001,72/155,18.67%,RORA;PTGER2;CD48;HOPX;AHNAK;PTCH1;IL2RA;GPR65;IL2RB;RRAGD;KLF6;SERPINB6;GLIPR2;XBP1;ADAM19;IL10RA;AHR;PHTF2;BHLHE40;IL18R1;PRNP;RHOB;CCND2;GALM;TNFRSF18;SOCS2;CTSZ;SLC39A8;LRIG1;CDC42SE2;EMP1;CYFIP1;RABGAP1L;NT5E;FLT3LG;CCR4;IFNGR1;TNFRSF4;SYT11;ABCB1;ANXA4;ARL4A;P4HA1;GADD45B;RNH1;IGF2R;CST7;FAH;BCL2L1;TWSG1;ODC1;LRRC8C;RGS16;PHLDA1;CD83;NDRG1;GABARAPL1;TRAF1;MAP3K8;TNFRSF9;GPX4;SH3BGRL2;CSF1;BCL2;MAPKAPK2;CAPN3;ALCAM;NFIL3;HIPK2;P2RX4;CD44;FGL2,CD8_GZMK__naive_Tcm
prerank,Interferon Alpha Response,-0.43979590040846506,-1.8946950146124708,0.0,0.0025073291158771794,0.005,44/93,19.19%,LGALS3BP;SELL;ISG15;GBP2;UBE2L6;IRF7;CNP;IRF9;PSMB8;STAT2;SP110;ISG20;EPSTI1;TAP1;MX1;TRIM25;LAP3;RTP4;IFI35;USP18;PARP12;OAS1;NMI;PSME2;PARP9;TRAFD1;PNPT1;TMEM140;GBP4;IFI44L;IFITM1;RSAD2;CMPK2;DDX60;IFIT3;TRIM14;SAMD9L;CCRL2;TRIM21;ADAR;RNF31;PLSCR1;MVB12A;LAMP3,CD8_GZMK__naive_Tcm
prerank,Coagulation,0.5255660945130232,1.8355270634648775,0.0,0.0026637745685636548,0.008,14/56,6.80%,CPQ;CFH;TIMP1;ANXA1;CAPN2;DPP4;CLU;F8;CTSO;ISCU;CTSH;CRIP2;A2M;PDGFB,CD8_GZMK__naive_Tcm
prerank,G2-M Checkpoint,-0.38641484815440774,-1.804513973177155,0.0,0.003343105487836239,0.01,69/171,24.65%,SMC4;TACC3;H2BC12;HMGA1;LMNB1;HIF1A;STMN1;RAD23B;CENPF;H2AZ2;KNL1;LBR;EZH2;MKI67;BARD1;ODF2;CENPE;TPX2;NASP;TOP2A;HMGN2;SMC1A;MCM5;CKS2;SMARCC1;BIRC5;NUP50;HMGB3;HNRNPD;LIG3;MYC;JPT1;SNRPD1;TROAP;SQLE;TFDP1;NUMA1;ORC5;CDKN3;PLK4;KPNA2;SS18;CUL3;RAD21;KPNB1;RBM14;NSD2;CCNF;TOP1;MT2A;FBXO5;CHMP1A;PRC1;KIF11;CCNT1;CTCF;HSPA8;MTF2;DR1;STIL;TNPO2;E2F3;NUSAP1;MCM3;PAFAH1B1;KMT5A;RBL1;DDX39A;NOLC1,CD8_GZMK__naive_Tcm
prerank,TNF-alpha Signaling via NF-kB,0.4445538962319447,1.801021896921858,0.0,0.002747017523831269,0.011,74/154,23.40%,DUSP1;ID2;KLF6;IER5;SQSTM1;CLCF1;IL7R;BHLHE40;TNF;RHOB;AREG;FOS;IL15RA;CEBPB;CCL5;RIPK2;ATP2B1;TANK;FOSB;FOSL2;ATF3;GADD45B;CFLAR;SOD2;EGR1;GFPT2;ICAM1;PHLDA2;TIPARP;IER3;PLAUR;PPP1R15A;SLC16A6;KLF2;B4GALT1;MSC;NINJ1;PHLDA1;FOSL1;DUSP2;CD83;DRAM1;TNFSF9;TRAF1;TGIF1;MAP3K8;NFKBIA;TNFRSF9;IFIH1;CSF1;B4GALT5;ZFP36;PNRC1;BTG2;JUN;IER2;BIRC3;DUSP5;NFIL3;TNIP2;CD44;CDKN1A;TNFAIP3;NR4A2;PER1;SMAD3;RNF19B;EIF1;LITAF;DUSP4;MAFF;MCL1;JUNB;SERPINB8,CD8_GZMK__naive_Tcm
prerank,E2F Targets,-0.37461265384330367,-1.7812643636116772,0.0,0.003510260762228051,0.014,47/180,15.12%,SMC4;TACC3;HMGA1;LMNB1;STMN1;PAICS;SMC6;LBR;EZH2;MSH2;ING3;MKI67;BARD1;TUBB;CENPE;CCNE1;NASP;NME1;TOP2A;LUC7L3;SMC1A;MCM5;DSCC1;CKS2;TP53;BIRC5;NCAPD2;RFC3;HMGB3;CTPS1;HNRNPD;TIPIN;MYC;JPT1;DNMT1;DONSON;DCLRE1B;PNN;TBRG4;CDKN3;UBE2T;PLK4;KPNA2;RRM2;TUBG1;RAD21;UBR7,CD8_GZMK__naive_Tcm
prerank,Inflammatory Response,0.44869103469818056,1.767673210953091,0.0,0.0027969632969918373,0.014,44/119,18.61%,PTGER2;TIMP1;CD48;IL15;SLC4A4;GABBR1;CD40;IL2RB;KLF6;IL7R;SRI;IL10RA;AHR;IL18R1;CD82;ACVR2A;SELENOS;IL15RA;SLAMF1;CCL5;RIPK2;IL18RAP;ATP2B1;EMP3;OSM;SLC31A2;KIF1B;ICAM1;SLC7A1;PLAUR;KCNA3;RGS16;TNFSF9;PROK2;NFKBIA;TNFRSF9;CSF1;CD70;C3AR1;BTG2;ACVR1B;P2RX4;BEST1;CDKN1A,CD8_GZMK__naive_Tcm
prerank,Apoptosis,0.416513033898076,1.6530237892301027,0.001321003963011889,0.012319957379606904,0.071,55/133,21.17%,TIMP1;ANXA1;ENO2;IGFBP6;LMNA;SQSTM1;TSPO;CLU;TNF;RHOB;FEZ1;CCND2;PSEN2;F2R;RHOT2;EMP1;BCAP31;SLC20A1;FAS;IFNGR1;ATF3;GADD45B;NEDD9;CFLAR;CTH;SOD2;IGF2R;CASP1;PPT1;DPYD;BCL2L1;IER3;TGFBR3;PEA15;CDKN1B;RARA;HMGB2;SOD1;PRF1;GPX4;BTG2;JUN;DIABLO;CASP6;BIRC3;CASP8;CD44;CDKN1A;MADD;TXNIP;ADD1;SMAD7;CD2;KRT18;DNAJA1,CD8_GZMK__naive_Tcm
prerank,Myc Targets V1,-0.34331936750820774,-1.6507481079450006,0.0,0.008625212158617498,0.043,103/196,28.82%,SERBP1;PPM1G;LSM2;RAD23B;NOP16;EIF3B;CCT2;PSMA4;PCBP1;IMPDH2;SET;COX5A;PRDX3;CCT3;CYC1;PSMA7;HDAC2;C1QBP;TRIM28;NME1;APEX1;MCM5;SMARCC1;PWP1;RACK1;MRPS18B;CTPS1;PSMD8;PSMB3;CBX3;HDDC2;AIMP2;SNRPD3;PSMC4;HPRT1;HNRNPD;PSMB2;SLC25A3;MYC;NCBP2;SNRPD1;COPS5;VDAC1;CCT5;PRPS2;TFDP1;LSM7;TYMS;HDGF;KPNA2;PPIA;PSMC6;KPNB1;EXOSC7;MCM4;UBA2;EIF2S2;STARD7;U2AF1;PSMA2;UBE2E1;PCNA;ACP1;CCT4;XRCC6;SNRPG;IARS1;EIF4G2;MRPL23;CAD;SF3A1;RSL1D1;DHX15;SNRPB2;ILF2;HNRNPA2B1;EIF3D;CCT7;PHB2;YWHAE;NOLC1;NPM1;MCM7;EIF4A1;ORC2;RFC4;GNL3;FAM120A;VDAC3;RAN;CLNS1A;DDX21;MCM2;CDK2;RPS5;PSMA1;EIF3J;NHP2;RUVBL2;POLE3;PSMD1;PSMD3;G3BP1,CD8_GZMK__naive_Tcm
prerank,Myc Targets V2,-0.4214565332043001,-1.6180886764433138,0.003436426116838488,0.010029316463508717,0.059,28/56,25.89%,NOP16;NDUFAF4;TMEM97;MCM5;PES1;TFB2M;SLC19A1;CBX3;AIMP2;MRTO4;MYC;IPO4;TBRG4;PLK4;GRWD1;MCM4;HK2;IMP4;PPRC1;NIP7;EXOSC5;WDR43;NOC4L;BYSL;NOLC1;TCOF1;NPM1;GNL3,CD8_GZMK__naive_Tcm
prerank,Hypoxia,0.38075513763350227,1.499452349299296,0.006527415143603133,0.05865060791141047,0.336,48/131,18.83%,S100A4;RORA;IGFBP3;DUSP1;ENO2;RRAGD;KLF6;TPD52;IDS;BHLHE40;SAP30;ERRFI1;FOS;TGFBI;WSB1;CXCR4;ERO1A;PDGFB;FOSL2;HSPA5;MXI1;ATF3;P4HA1;UGP2;PAM;TIPARP;IER3;PLAUR;PPP1R15A;FBP1;DDIT4;CDKN1B;ALDOA;NDRG1;GBE1;FOXO3;AMPD3;SLC25A1;BCL2;ZFP36;PNRC1;JUN;ANXA2;CASP6;ILVBL;NFIL3;CDKN1A;TNFAIP3,CD8_GZMK__naive_Tcm
prerank,Mitotic Spindle,-0.3188024828552827,-1.482804013357298,0.0045045045045045045,0.025789670906165275,0.162,30/172,8.47%,SMC4;PCNT;SPTBN1;EPB41;RAPGEF6;MYO1E;RASA2;SEPTIN9;FLNB;LMNB1;CAPZB;NET1;SSH2;BCL2L11;CENPF;TIAM1;RANBP9;RHOF;RABGAP1;CENPE;TPX2;TLK1;ARHGEF11;TOP2A;EPB41L2;SMC1A;ARAP3;BIRC5;KPTN;ARHGEF7,CD8_GZMK__naive_Tcm
prerank,Myogenesis,0.39354819594689633,1.4773306226566623,0.02027027027027027,0.06667760716935899,0.415,19/89,8.91%,IGFBP3;SORBS3;ITGB1;ADCY9;FHL1;NAV2;CHRNA1;SGCD;FXYD1;CLU;SVIL;BHLHE40;PRNP;PSEN2;GABARAPL2;GNAO1;SORBS1;GADD45B;TPM3,CD8_GZMK__naive_Tcm
prerank,KRAS Signaling Up,0.3846380205424698,1.476966573137607,0.005555555555555556,0.05949096536458829,0.417,29/105,12.04%,CFH;IGFBP3;KIF5C;FGF9;NAP1L2;ID2;ACE;ADAM8;PRDM1;IL7R;IL10RA;WNT7A;PCSK1N;CCND2;LCP1;EMP1;RABGAP1L;CXCR4;GALNT3;ERO1A;ABCB1;GFPT2;CDADC1;PLAUR;PPP1R15A;MAP4K1;RGS16;HDAC9;NIN,CD8_GZMK__naive_Tcm
prerank,Protein Secretion,0.3982902545603248,1.4708705103849855,0.014945652173913044,0.05603915748615789,0.429,30/87,19.91%,CD63;TPD52;RPS6KA3;TMED10;ANP32E;GALC;LMAN1;GOLGA4;TMED2;ATP1A1;KIF1B;ARFGAP3;PAM;IGF2R;PPT1;SEC24D;DOP1A;RAB9A;SOD1;USO1;ARFGEF1;MON2;CLTC;ARF1;SCRN1;LAMP2;GOSR2;SEC22B;ARCN1;AP2B1,CD8_GZMK__naive_Tcm
prerank,Interferon Gamma Response,-0.30885637979548114,-1.4620577303648663,0.0,0.02745525381885511,0.191,65/174,18.73%,CD38;LGALS3BP;RAPGEF6;HIF1A;ISG15;NCOA3;UBE2L6;IRF7;IRF9;IRF4;PSMB8;STAT2;RNF213;SP110;IRF8;ISG20;PELI1;EPSTI1;NLRC5;TAP1;MX1;OAS2;TRIM25;LAP3;RBCK1;XAF1;RTP4;IFNAR2;VAMP5;IFI35;USP18;PARP12;NMI;NUP93;PSME2;STAT1;SAMHD1;GPR18;PSMB2;MYD88;IFIT1;TRAFD1;KLRK1;PNPT1;MX2;CASP3;GBP4;CASP4;IFI44L;RSAD2;CMPK2;DDX60;ST8SIA4;IFIT3;TRIM14;SAMD9L;MVP;STAT3;MT2A;PSMA2;TRIM21;TNFSF10;ADAR;RNF31;PLSCR1,CD8_GZMK__naive_Tcm
prerank,Androgen Response,0.3874696149187923,1.425617421744627,0.03486750348675035,0.07691649066727553,0.562,23/82,12.98%,INPP4B;CDC14B;TPD52;MAF;DNAJB9;RPS6KA3;LMAN1;IQGAP2;B2M;CDK6;SPCS3;NKX3-1;UBE2J1;SMS;ABHD2;SEC24D;ABCC4;B4GALT1;ELOVL5;HSD17B14;GPD1L;NDRG1;PIAS1,CD8_GZMK__naive_Tcm
prerank,p53 Pathway,0.34807874646204984,1.412951473028355,0.015345268542199489,0.08057918069905055,0.612,49/161,16.75%,S100A4;ZNF365;PERP;STOM;CGRRF1;IER5;ISCU;CD82;CCND2;FOS;DDB2;UPP1;F2R;RXRA;GLS2;SEC61A1;FAS;S100A10;MAPKAPK3;RPS12;CEBPA;RHBDF2;ATF3;TP63;CASP1;SESN1;FBXW7;IER3;TSPYL2;PPP1R15A;DDIT4;NINJ1;RGS16;KIF13B;RPS27L;DRAM1;TNFSF9;NDRG1;TGFB1;IFI30;CDKN2A;RPL36;IRAK1;PROCR;FOXO3;HINT1;BTG2;JUN;CCNG1,CD8_GZMK__naive_Tcm
prerank,Unfolded Protein Response,0.35922211352785016,1.3876736142447221,0.03551912568306011,0.09197706226646234,0.698,20/105,10.46%,HSP90B1;XBP1;ERN1;SRPRA;DNAJB9;PDIA6;RPS14;HERPUD1;CEBPB;SPCS3;SPCS1;SSR1;ERO1A;HSPA5;HYOU1;ATF3;NABP1;EIF4E;TSPYL2;DDIT4,CD8_GZMK__naive_Tcm
prerank,Hedgehog Signaling,0.5196590453134811,1.3706988367106092,0.10561056105610561,0.10010559963468234,0.737,6/17,19.51%,PTCH1;CDK6;CELSR1;AMOT;NF1;ADGRG1,CD8_GZMK__naive_Tcm
prerank,Notch Signaling,0.49320431396438547,1.3547904170549434,0.09780775716694773,0.1072835207489012,0.776,9/20,13.88%,TCF7L2;ARRB1;CUL1;SAP30;PSEN2;NOTCH2;SKP1;FBXW11;APH1A,CD8_GZMK__naive_Tcm
prerank,Apical Junction,-0.2977575401971646,-1.3384195672971475,0.03305785123966942,0.06552486756159029,0.436,25/116,11.23%,FYB1;ACTN1;EVL;PECAM1;LAYN;PLCG1;ACTG1;ACTB;CNN2;DSC1;PTEN;PFN1;RAC2;ARPC2;RHOF;MAP4K2;EPB41L2;IRS1;LDLRAP1;AKT2;RSU1;GAMT;ARHGEF6;ATP1A3;MYH10,CD8_GZMK__naive_Tcm
prerank,UV Response Dn,0.34999396034882596,1.3223130635973779,0.06310013717421124,0.1346662908841829,0.861,41/93,26.38%,BMPR1A;AKT3;INPP4B;DUSP1;SRI;BHLHE40;ACVR2A;NR1D2;RXRA;NOTCH2;ATP2B1;ANXA4;SFMBT1;SLC7A1;ATP2B4;TGFBR3;PTPRM;PRKCE;CDKN1B;DLG1;SYNE1;FYN;PIAS3;ATXN1;ANXA2;RUNX1;PHF3;NR3C1;SMAD7;SMAD3;CDK13;PRDM2;ZMIZ1;ID1;SCAF8;GCNT1;SCN8A;CITED2;ATRX;ARHGEF9;PRKAR2B,CD8_GZMK__naive_Tcm
prerank,Complement,0.3306412743109152,1.3209727378223446,0.04563233376792699,0.12827249742296598,0.866,40/137,19.52%,CPQ;CFH;TIMP1;DPP4;GATA3;CLU;F8;CTSO;ME1;CD59;CTSH;ANXA5;CEBPB;CCL5;CALM1;PDGFB;HSPA5;ITGAM;CASP1;STX4;VCPIP1;CD40LG;PLAUR;L3MBTL4;FYN;MT3;USP14;CTSS;ADAM9;APOBEC3G;BRPF3;GCA;DOCK4;LAMP2;DUSP5;GNGT2;TNFAIP3;PRKCD;CD46;GPD2,CD8_GZMK__naive_Tcm
prerank,Allograft Rejection,0.31973968734001756,1.3132551841025846,0.046875,0.1305249538596191,0.888,40/163,14.80%,TIMP1;IL15;IL2RA;STAT4;GPR65;NCF4;CD40;IL2RB;TPD52;TNF;B2M;ACVR2A;CCND2;CD8A;F2R;CCL5;RIPK2;IL18RAP;KLRD1;PRKCB;FAS;IFNGR1;ICAM1;DYRK3;CD40LG;CD4;MAP4K1;HLA-A;RPL9;HDAC9;IFNG;TGFB1;LY75;CDKN2A;CD3E;PRF1;RPS19;CCR2;RPL39;CTSS,CD8_GZMK__naive_Tcm
prerank,Bile Acid Metabolism,0.3495754294131562,1.2621691564382018,0.12846715328467154,0.18348499824250966,0.96,15/71,13.92%,NR3C2;ABCA5;ABCA2;ABCA3;GSTK1;GCLM;RXRA;NPC1;PHYH;BCAR3;ACSL5;PEX16;OPTN;SOD1;ATXN1,CD8_GZMK__naive_Tcm
prerank,Apical Surface,0.4130440668277956,1.256212450855346,0.1573926868044515,0.18230207203607512,0.968,8/28,15.90%,IL2RB;GATA3;PLAUR;GSTM3;B4GALT1;FLOT2;CRYBG1;CROCC,CD8_GZMK__naive_Tcm
prerank,Estrogen Response Early,0.31525899562808585,1.2225459216886332,0.14824797843665768,0.22123599139981354,0.985,25/119,12.65%,MYBL1;DYNLT3;SNX24;ADCY9;CHPT1;ABCA3;NAV2;XBP1;SH3BP5;PLAAT3;SVIL;BHLHE40;AREG;FOS;LRIG1;GAB2;RPS6KA2;TJP3;ASB13;ABHD2;TIPARP;B4GALT1;ELOVL5;RARA;ENDOD1,CD8_GZMK__naive_Tcm
prerank,DNA Repair,-0.2657188334388296,-1.2099426867680838,0.100418410041841,0.15064033328190093,0.764,49/142,21.99%,PDE6G;SRSF6;RALA;IMPDH2;POLD4;TAF9;NME1;POM121;NT5C3A;ERCC4;ZWINT;NT5C;TP53;GTF2H5;POLR2G;RFC3;POLR1D;SUPT4H1;ADA;HPRT1;RAE1;CANT1;SDCBP;CLP1;NCBP2;GTF3C5;MPG;RBX1;ERCC3;TARBP2;SAC3D1;TYMS;DDB1;POLR2A;CMPK2;ELOA;VPS37D;ITPA;TSG101;AAAS;ERCC2;PCNA;NUDT21;VPS37B;DGCR8;USP11;VPS28;FEN1;POLB,CD8_GZMK__naive_Tcm
prerank,Reactive Oxygen Species Pathway,0.3696709027427782,1.2088242247341057,0.1952662721893491,0.23124892973343225,0.988,14/44,14.88%,FTL;PRNP;GCLM;TXN;SELENOS;MSRA;SOD2;PRDX4;SRXN1;GLRX2;SOD1;GCLC;PRDX2;GPX4,CD8_GZMK__naive_Tcm
prerank,Spermatogenesis,0.3201107966415327,1.1411485542592732,0.24383164005805516,0.3433229015950385,1.0,21/64,24.16%,MLF1;PEBP1;ACE;PCSK1N;JAM3;ARL4A;MLLT10;IL12RB2;GSTM3;NPHP1;CCT6B;SIRT1;PRKAR2A;PACRG;PARP2;MAST2;GFI1;NCAPH;HSPA1L;BRAF;HSPA2,CD8_GZMK__naive_Tcm
prerank,KRAS Signaling Dn,-0.2858548989523243,-1.1406126284643694,0.1962025316455696,0.2219214206561838,0.891,22/61,18.88%,CHST2;CCDC106;LYPD3;BARD1;MX1;STAG3;MACROH2A2;PTPRJ;GAMT;PLAG1;COQ8A;GTF3C5;LFNG;SGK1;CELSR2;SNN;IFI44L;RSAD2;ASB7;SPHK2;OXT;PDK2,CD8_GZMK__naive_Tcm
prerank,Glycolysis,0.28370733803676346,1.1293336794630233,0.23667100130039012,0.3512020282740644,1.0,26/139,13.34%,IGFBP3;ENO2;RRAGD;ME1;SAP30;TXN;TGFBI;CXCR4;NT5E;ERO1A;HSPA5;MXI1;GMPPB;P4HA1;SLC25A13;UGP2;PAM;CTH;HAX1;IER3;DDIT4;B4GALT1;ALDOA;SOD1;GFPT1;GCLC,CD8_GZMK__naive_Tcm
prerank,Adipogenesis,0.2648826926607177,1.080850450642601,0.29234629861982436,0.43900336777213306,1.0,38/162,18.32%,DHRS7;LTC4S;STOM;ELOVL6;DNAJB9;GPHN;ME1;MGST3;CD151;APLP2;CHCHD10;TANK;IFNGR1;ARL4A;CMPK1;SORBS1;NDUFB7;AGPAT3;QDPR;FAH;PHYH;NABP1;REEP5;MAP4K3;ALDOA;SOD1;GBE1;ITSN1;GPX4;UBC;SLC25A1;UQCR11;RAB34;PEMT;REEP6;UCK1;GHITM;YWHAG,CD8_GZMK__naive_Tcm
prerank,PI3K/AKT/mTOR  Signaling,-0.2521541726864083,-1.0636954066190556,0.33687943262411346,0.33522990279277887,0.969,24/91,14.12%,PLCG1;PDK1;LCK;TIAM1;STAT2;PTEN;PFN1;CAMK4;AP2M1;ARPC3;PRKAG1;UBE2N;TSC2;TRIB3;GRB2;MAP2K3;ACTR2;MYD88;RPTOR;ITPR2;PPP1CA;SMAD2;RAC1;CSNK2B,CD8_GZMK__naive_Tcm
prerank,mTORC1 Signaling,0.2547265547760492,1.052247615196894,0.35804020100502515,0.48416664105344964,1.0,53/190,23.79%,HSP90B1;SYTL2;XBP1;ELOVL6;CANX;SQSTM1;NIBAN1;ME1;BHLHE40;TBK1;DAPP1;SSR1;CXCR4;NUP205;ERO1A;HSPA5;SKAP2;P4HA1;RPN1;CTH;QDPR;UFM1;PPP1R15A;DDIT4;UCHL5;ELOVL5;ALDOA;PSMD12;IFI30;SERP1;USO1;GCLC;GBE1;RAB1A;BTG2;CCNG1;HMGCS1;NFIL3;CDKN1A;FGL2;FADS1;ARPC5L;PRDX1;SLA;SLC37A4;FKBP2;WARS1;SERPINH1;CYP51A1;DDIT3;TPI1;HSPE1;SLC7A5,CD8_GZMK__naive_Tcm
prerank,Wnt-beta Catenin Signaling,0.3397597399854622,1.0313935758354953,0.4126738794435858,0.5192140596558656,1.0,7/30,9.61%,PTCH1;CUL1;CCND2;PSEN2;WNT1;CSNK1E;AXIN2,CD8_GZMK__naive_Tcm
prerank,IL-6/JAK/STAT3 Signaling,0.29718827428027855,1.0212990704133147,0.43267776096822996,0.5252868314401506,1.0,17/53,18.43%,IL2RA;TNF;IL18R1;LEPR;IL15RA;FAS;A2M;IFNGR1;ITGA4;HAX1;PTPN1;TGFB1;MAP3K8;CSF1;JUN;ACVR1B;CD44,CD8_GZMK__naive_Tcm
prerank,heme Metabolism,0.24654006825084437,0.9990407557441183,0.4540750323415265,0.5589793150687627,1.0,34/147,17.79%,DMTN;ARHGEF12;TENT5C;KAT2B;MGST3;PICALM;GCLM;MARCHF8;FN3K;CAST;ARL2BP;SLC25A37;MXI1;ACSL6;MFHAS1;DAAM1;OPTN;BLVRA;RAD23A;ENDOD1;GCLC;H4C3;HAGH;HBB;SLC10A3;PRDX2;FOXO3;TMCC2;KHNYN;BTG2;TSPAN5;AGPAT4;LAMP2;LPIN2,CD8_GZMK__naive_Tcm
prerank,Estrogen Response Late,0.25745234842584686,0.9973153762957494,0.4642857142857143,0.5442424415396617,1.0,24/109,16.84%,DYNLT3;PERP;ID2;CHPT1;ABCA3;LSR;XBP1;PLAAT3;AREG;FOS;CACNA2D2;RPS6KA2;LLGL2;TJP3;ABHD2;ATP2B4;MAPK13;ELOVL5;DUSP2;DNAJC1;UGDH;BCL2;ZFP36;ARL3,CD8_GZMK__naive_Tcm
prerank,TGF-beta Signaling,-0.25393580138339855,-0.9653810616714711,0.5279329608938548,0.5371084709149823,0.999,5/47,3.49%,SPTBN1;NOG;FKBP1A;ID3;HDAC1,CD8_GZMK__naive_Tcm
prerank,Cholesterol Homeostasis,0.2719558961341515,0.9530609757146525,0.5382395382395382,0.6292522956642466,1.0,10/61,10.20%,ABCA2;NIBAN1;CLU;ERRFI1;ANXA5;ACSS2;ATF3;S100A11;PLAUR;CXCL16,CD8_GZMK__naive_Tcm
prerank,Xenobiotic Metabolism,0.24247805880547466,0.949447815967879,0.5745257452574526,0.6174858368057538,1.0,26/112,19.71%,DHRS7;ID2;SSR3;UPP1;PTGDS;NDRG2;NPC1;FAS;PTGES3;FAH;FBP1;ELOVL5;NINJ1;GSS;GABARAPL1;GCLC;UGDH;MARCHF6;PEMT;TMBIM6;CASP6;BPHL;LPIN2;ITIH4;LONP1;MAN1A1,CD8_GZMK__naive_Tcm
prerank,UV Response Up,0.23320158501943153,0.89894411192393,0.6716417910447762,0.7101380838466289,1.0,32/114,21.17%,ENO2;SQSTM1;SELENOW;RHOB;HLA-F;CYB5R1;NPTXR;FOS;SLC25A4;ABCB1;FOSB;ATF3;RPN1;PRPF3;SOD2;ICAM1;PPT1;SIGMAR1;ALDOA;TGFBRAP1;NFKBIA;RAB27A;BTG2;TMBIM6;EIF5;GLS;CREG1;DNAJB1;PRKCD;BSG;PARP2;DNAJA1,CD8_GZMK__naive_Tcm
prerank,Fatty Acid Metabolism,0.22670318660919717,0.8873912587868822,0.7156208277703605,0.7139895172636096,1.0,27/124,19.52%,LTC4S;ENO2;GLUL;ME1;IL4I1;S100A10;SMS;ERP29;HSP90AA1;ODC1;ACSL5;ELOVL5;LGALS1;ALDOA;SUCLG2;BLVRA;ACSM3;GABARAPL1;ECI1;UGDH;PCBD1;REEP6;BPHL;HMGCS1;CBR3;ALDH3A2;GPD2,CD8_GZMK__naive_Tcm
prerank,Pperoxisome,0.20273174424924062,0.7553770351807361,0.9010989010989011,0.9142359723728524,1.0,13/83,13.92%,GSTK1;TSPO;CNBP;SLC25A4;ABCB1;ESR2;SOD2;CADM1;STS;ACSL5;ELOVL5;SOD1;ATXN1,CD8_GZMK__naive_Tcm
prerank,Interferon Gamma Response,-0.5306199462753343,-2.5849354552741293,0.0,0.0,0.0,82/175,15.34%,IFI27;CD38;TNFAIP3;APOL6;JAK2;LY6E;CCL5;GBP4;UBE2L6;IRF7;PLSCR1;IRF9;STAT1;NAMPT;RNF213;GCH1;STAT2;LAP3;PARP12;USP18;TAP1;CD69;ARID5B;ISG15;LGALS3BP;HELZ2;XAF1;STAT3;GPR18;ISG20;ISOC1;EPSTI1;IRF8;PSME2;MYD88;IFI44L;MTHFD2;SAMD9L;IFIT1;PSME1;OAS2;RNF31;PSMB8;PSMB2;PELI1;NFKB1;ZNFX1;WARS1;SPPL2A;RSAD2;SP110;SAMHD1;TOR1B;NUP93;NLRC5;CDKN1A;TRAFD1;MX1;CD274;CD74;IFIT3;AUTS2;CD86;IFI35;BANK1;TRIM25;BST2;HIF1A;PARP14;IFIH1;PDE4B;RBCK1;CMPK2;ADAR;DDX60;ST3GAL5;PSMB10;PSMB9;CASP3;NCOA3;OASL;TAPBP,CD8_Tem
prerank,Interferon Alpha Response,-0.5793371137264066,-2.573046546134074,0.0,0.0,0.0,45/93,15.04%,IFI27;LY6E;GBP4;UBE2L6;IRF7;PLSCR1;IRF9;STAT2;LAP3;PARP12;USP18;OAS1;GBP2;TAP1;ISG15;LGALS3BP;HELZ2;PARP9;ISG20;EPSTI1;PSME2;IFI44L;SAMD9L;PSME1;RNF31;PSMB8;SAMD9;WARS1;RSAD2;SP110;CNP;TRAFD1;MX1;CD74;IFIT3;IFI35;TRIM25;BST2;PARP14;IFIH1;CMPK2;ADAR;DDX60;PSMB9;OASL,CD8_Tem
prerank,TNF-alpha Signaling via NF-kB,-0.5106205678738615,-2.4148798962710964,0.0,0.0,0.0,58/155,14.33%,TNFAIP3;SIK1;MCL1;CEBPD;CCL5;DUSP5;BTG2;NAMPT;DUSP2;GCH1;TIPARP;GFPT2;NR4A3;GADD45A;JUNB;TAP1;CD69;IL6ST;TNFSF9;NFAT5;SLC2A3;FOSL2;SPHK1;BTG3;PTGER4;ZFP36;REL;SERPINE1;KDM6B;BIRC2;NFKB1;PMEPA1;GADD45B;KLF10;BCL6;CCL4;MAP2K3;LITAF;RELB;CDKN1A;PANX1;NFKB2;ZC3H12A;KLF4;PER1;IFIH1;PDE4B;CEBPB;RELA;ETS2;ID2;SNN;NR4A2;PFKFB3;DUSP4;BCL3;MAFF;ATP2B1,CD8_Tem
prerank,UV Response Up,-0.4679959892024183,-2.1636413981450335,0.0,0.0,0.0,53/118,19.83%,BAK1;BCL2L11;BTG2;CHKA;GCH1;ATP6V1F;JUNB;TAP1;IL6ST;CDKN1C;CEBPG;E2F5;TFRC;BTG3;FKBP4;NPTX2;DNAJB1;NAT1;HSPA13;CCNE1;SLC25A4;TST;MARK2;AGO2;ARRB2;HMOX1;CNP;TUBA4A;GRINA;CYB5B;STK25;ABCB1;CDC5L;BSG;H2AX;DDX21;AMD1;ACAA1;MRPL23;CASP3;PPAT;GRPEL1;FURIN;IRF1;MGAT1;RPN1;NUP58;CDC34;FOS;STIP1;DNAJA1;KLHDC3;YKT6,CD8_Tem
prerank,G2-M Checkpoint,-0.4274542877548387,-2.054937177180442,0.0,0.0,0.0,53/177,13.12%,H2BC12;EZH2;SMC4;CENPE;LBR;KPNA2;HMGA1;LMNB1;SLC12A2;KNL1;CKS2;NASP;RBM14;TOP1;NUSAP1;FBXO5;KIF11;UBE2S;KIF23;SRSF2;GSPT1;HMGB3;DDX39A;RAD23B;TOP2A;NUP50;NDC80;POLQ;TACC3;TLE3;SS18;UPF1;MCM5;MAP3K20;SLC7A5;CDK1;JPT1;ATF5;KIF5B;RACGAP1;CCNF;DBF4;SLC38A1;HIF1A;CENPF;H2AX;TGFB1;CUL3;KIF20B;LIG3;AMD1;ORC6;ABL1,CD8_Tem
prerank,Mitotic Spindle,-0.3646642148730411,-1.7521895524407054,0.0,0.007697141061891298,0.021,64/171,22.60%,SMC4;CENPE;BCL2L11;LMNB1;ATG4B;EPB41;TBCD;PPP4R2;PCNT;WASF2;NET1;NUSAP1;BCR;FBXO5;KIF11;SPTAN1;PREX1;KIF23;ECT2;TOP2A;MAPRE1;NDC80;ARHGEF7;SEPTIN9;RANBP9;FGD6;PIF1;TUBA4A;RALBP1;RASA1;CDK1;GEMIN4;KIF5B;RACGAP1;EZR;HOOK3;STAU1;PXN;CENPF;MYO9B;TLK1;KIF20B;MYH9;ABL1;ARF6;PRC1;CSNK1D;ARHGAP4;KATNB1;RHOF;CDC42EP4;CYTH2;CEP57;TRIO;INCENP;AKAP13;CEP192;SPTBN1;SMC3;PLEKHG2;RASA2;CLASP1;SAC3D1;TPX2,CD8_Tem
prerank,Epithelial Mesenchymal Transition,0.4351492905877116,1.7111798748754707,0.0030581039755351682,0.01499142901667446,0.037,21/79,11.70%,VIM;IGFBP3;FAS;IL15;TGFBI;LOXL1;SGCD;TIMP1;AREG;LGALS1;SGCB;CAPG;ENO2;CD59;SNTB1;TPM4;LAMA2;ITGB1;NOTCH2;MAGEE1;NT5E,CD8_Tem
prerank,Notch Signaling,0.5851112317891807,1.7099790041162848,0.00684931506849315,0.00749571450833723,0.037,8/19,13.66%,TCF7L2;ARRB1;APH1A;NOTCH2;NOTCH1;CUL1;MAML2;SKP1,CD8_Tem
prerank,IL-6/JAK/STAT3 Signaling,-0.4276959314759482,-1.6895448615944357,0.002824858757062147,0.010681746779767513,0.034,10/51,3.37%,CD38;BAK1;IRF9;STAT1;STAT2;TNFRSF1B;IL2RG;IL6ST;STAT3;MYD88,CD8_Tem
prerank,E2F Targets,-0.33945618272513023,-1.6435212836814757,0.0,0.017318567389255423,0.061,62/182,22.66%,EZH2;SMC4;CENPE;LBR;KPNA2;HMGA1;LMNB1;SMC6;CKS2;NASP;UBE2S;CTPS1;RRM2;SRSF2;GSPT1;HMGB3;MTHFD2;DDX39A;TFRC;IPO7;TOP2A;MELK;BRMS1L;CCNE1;TACC3;CCP110;MCM5;UBE2T;ING3;CDKN1A;CDK1;JPT1;TUBG1;LIG1;CIT;RACGAP1;BUB1B;PPM1D;H2AX;PCNA;TIMELESS;ORC6;HELLS;DCK;UBR7;WDR90;MCM4;SNRPB;MSH2;XPO1;DONSON;TRIP13;POP7;RPA3;MCM6;SMC3;MLH1;CHEK2;SHMT1;DNMT1;GINS4;SLBP,CD8_Tem
prerank,Oxidative Phosphorylation,-0.3197363866679045,-1.5844790980995382,0.0,0.02370230739693511,0.092,69/198,22.97%,PDP1;SLC25A5;ATP6V1F;VDAC2;IDH2;ATP6V0B;CYCS;CPT1A;LDHA;TIMM13;FDX1;BDH2;SLC25A4;LDHB;VDAC1;UQCRC2;UQCRC1;BCKDHA;ATP5F1B;ISCA1;SLC25A12;PRDX3;NDUFB2;NDUFA6;OAT;TIMM17A;AIFM1;MRPS22;ATP5F1C;SLC25A20;COX7B;NDUFB6;MRPS30;POLR2F;NDUFS2;ACAA1;TIMM50;NDUFA8;ECH1;ACO2;NDUFS7;SLC25A11;ATP5PO;GRPEL1;AFG3L2;PMPCA;COX6A1;UQCRH;ATP6V0C;NDUFA7;ATP5MC3;NDUFB4;ACADVL;PDHB;CS;NDUFS6;POR;RETSAT;MRPL15;IMMT;TOMM22;ETFB;CASP7;TIMM8B;CYB5A;MDH2;NDUFV1;NDUFS8;COX5A,CD8_Tem
prerank,Coagulation,0.41610453799701513,1.5220339029059493,0.011345218800648298,0.0440288816165394,0.269,11/57,7.04%,CFH;CPQ;CTSO;CTSH;TIMP1;ISCU;A2M;MSRB2;F8;CLU;C1S,CD8_Tem
prerank,mTORC1 Signaling,-0.31123841419146997,-1.5175914135558808,0.0,0.035186930568645934,0.147,61/187,20.53%,BTG2;NAMPT;NFKBIB;PHGDH;PGK1;SLC2A3;GGA2;IFRD1;LDHA;RRM2;MTHFD2;DDX39A;TXNRD1;TFRC;PNO1;TM7SF2;NFYC;PSMA4;GAPDH;SLC6A6;SHMT2;HPRT1;DDIT3;WARS1;MAP2K3;ETF1;CDKN1A;TUBA4A;SLC7A5;HSPD1;PSMC4;TUBG1;ACLY;CCNF;CYB5B;NUFIP1;SLC1A5;SLA;TMEM97;HK2;EEF1E1;CACYBP;HSPE1;SRD5A1;PSMC6;TRIB3;HSPA5;PITPNB;MCM4;UBE2D3;PDK1;MTHFD2L;TPI1;RPN1;NFIL3;FDXR;STIP1;ABCF2;YKT6;IMMT;RIT1,CD8_Tem
prerank,Inflammatory Response,-0.32051252994029766,-1.4658454671535959,0.0,0.05158084140176506,0.228,25/113,11.67%,CHST2;LY6E;CCL5;IRF7;BTG2;NAMPT;GCH1;TNFRSF1B;CD69;TNFSF9;RGS1;SPHK1;CD55;PTGER4;SERPINE1;CXCR6;NFKB1;RHOG;ADRM1;CCR7;CDKN1A;BST2;HIF1A;PDE4B;RELA,CD8_Tem
prerank,p53 Pathway,-0.29591072627020226,-1.403426577402498,0.01048951048951049,0.07953712430621007,0.35,37/161,11.23%,BAK1;BTG2;SLC35D1;NUDT15;SLC3A2;GADD45A;TAP1;TNFSF9;SERTAD3;IP6K2;IRAG2;SPHK1;TRAF4;SLC19A2;PLK3;LDHB;ADA;COQ8A;CCP110;VWA5A;RHBDF2;DDIT3;WRAP73;H2AJ;HMOX1;TSPYL2;CDKN1A;TRAFD1;HEXIM1;CTSD;ABHD4;MXD4;KLF4;PPM1D;MKNK2;TGFB1;BAIAP2,CD8_Tem
prerank,Unfolded Protein Response,-0.3047546680392111,-1.3785314980456251,0.020618556701030927,0.08965900577587665,0.407,31/107,17.42%,DNAJA4;EEF2;EXOSC4;ZBTB17;CEBPG;DCP2;CNOT2;PAIP1;MTHFD2;IFIT1;EIF4EBP1;ALDH18A1;FUS;EIF4A2;EIF4A3;TSPYL2;SLC7A5;EIF2AK3;GEMIN4;KIF5B;H2AX;CEBPB;NPM1;IMP3;TATDN2;LSM1;ATP6V0D1;TUBB2A;HSPA5;BANF1;EIF4A1,CD8_Tem
prerank,Apical Junction,0.3269438960576236,1.3567487403238643,0.03278688524590164,0.1465716066697834,0.769,36/115,21.63%,AKT3;SORBS3;ZYX;SGCE;TGFBI;AMIGO2;SKAP2;PIK3CB;MYL12B;RRAS;NECTIN3;MPZL1;CD99;LIMA1;ITGB1;CTNNA1;ICAM1;WASL;ACTN1;JAM3;THBS3;STX4;CTNND1;CDK8;ACTB;EPB41L2;ITGB4;CAP1;NLGN3;VASP;LDLRAP1;TRAF1;IKBKG;RSU1;DLG1;GNAI2,CD8_Tem
prerank,KRAS Signaling Dn,-0.3231315273200583,-1.3445305529676106,0.059154929577464786,0.11011624253848569,0.487,18/66,12.63%,CHST2;BTG2;RYR1;TENT5C;IFI44L;GTF3C5;PTPRJ;LYPD3;COQ8A;RSAD2;PDCD1;MX1;RYR2;SLC29A3;PLAG1;MFSD6;SNN;NR4A2,CD8_Tem
prerank,Estrogen Response Late,-0.297552865870735,-1.340925949217141,0.04126984126984127,0.10614724054874856,0.497,30/113,15.11%,CLIC3;JAK2;DUSP2;ITPK1;OPN3;IDH2;RBBP8;IL6ST;ISG20;KCNK5;FABP5;JAK1;BTG3;TOP2A;ZFP36;FKBP4;SLC27A2;TST;HPRT1;SLC7A5;NBL1;KLF4;SIAH2;ID2;NXT1;SLC2A8;SCARB1;DCXR;RABEP1;TOB1,CD8_Tem
prerank,Apoptosis,-0.2867212961292586,-1.33300286512226,0.03134796238244514,0.10583568960100535,0.518,30/129,14.36%,CD38;MCL1;BCL2L11;BTG2;BNIP3L;GCH1;VDAC2;GADD45A;TAP1;CD69;ISG20;SPTAN1;BTG3;TOP2A;PPP2R5B;DDIT3;GADD45B;HMOX1;ETF1;CDKN1A;BMF;FASLG;SMAD7;LEF1;SATB1;RELA;BCL10;NEFH;PMAIP1;CASP3,CD8_Tem
prerank,heme Metabolism,-0.285577249041701,-1.3247597946090106,0.03934426229508197,0.10452588198333056,0.538,42/149,18.84%,ACP5;BTG2;BNIP3L;EPB41;TENT5C;TOP1;DCAF11;SLC30A1;CPOX;TFRC;SLC66A2;PPP2R5B;KLF3;TFDP2;USP15;RBM38;MAP2K3;RNF19A;ISCA1;SEC14L1;KDM7A;HEBP1;NR3C1;YPEL5;BSG;CTSB;GAPVD1;PPOX;AGPAT4;SDCBP;HDGF;RIOK3;UCP2;RCL1;RANBP10;LPIN2;GDE1;RHCE;BACH1;GYPC;FOXO3;ELL2,CD8_Tem
prerank,Allograft Rejection,-0.26602671446394294,-1.2876125220081558,0.046762589928057555,0.13024051384089086,0.646,44/159,15.35%,CD7;JAK2;CCL5;IRF7;STAT1;GBP2;CD3G;TAP1;IL2RG;IRF8;CD8A;ETS1;IKBKB;CTSS;SRGN;EIF3A;WARS1;CCL4;WAS;CD8B;FASLG;CD74;TAP2;CD86;EIF3J;HIF1A;GZMB;TGFB1;NPM1;BCL10;IL12RB1;ITK;LY86;UBE2D1;FYB1;IL10;BCL3;PSMB10;CSK;TRAF2;HLA-DOB;ACHE;TAPBP;IL27RA,CD8_Tem
prerank,IL-2/STAT5 Signaling,0.2977653393100242,1.2848508538428207,0.0649546827794562,0.2142558828112825,0.926,45/152,20.55%,BCL2;PHTF2;HIPK2;SWAP70;FGL2;HOPX;CD48;DHRS3;SERPINB6;RRAGD;PTCH1;BMPR2;RABGAP1L;EOMES;ARL4A;PRNP;RNH1;AHNAK;CAPG;IGF1R;GPR65;CTSZ;SYT11;RORA;SOCS2;NT5E;ANXA4;MYC;ITGA6;XBP1;AHR;IFNGR1;TNFRSF9;TNFRSF18;TNFRSF4;CDC42SE2;IL18R1;SNX14;PTGER2;CAPN3;P2RX4;TRAF1;LTB;PLPP1;FAH,CD8_Tem
prerank,Hypoxia,-0.2732900263726208,-1.2717349669775893,0.07692307692307693,0.13843279263190966,0.687,33/135,14.05%,TNFAIP3;CHST2;BNIP3L;TIPARP;CDKN1C;PGK1;SLC2A3;FOSL2;ISG20;LDHA;HK1;ETS1;ZFP36;LXN;SERPINE1;PGM2;JMJD6;GAPDH;SLC6A6;NOCT;DDIT3;HMOX1;CDKN1A;HDLBP;CCNG2;NR3C1;SIAH2;CITED2;MYH9;HK2;PFKFB3;MAFF;SCARB1,CD8_Tem
prerank,Bile Acid Metabolism,0.3257441441809298,1.250147385436109,0.11042944785276074,0.23243467871798867,0.964,17/73,15.43%,NR3C2;ABCA5;ABCA2;GSTK1;EPHX2;PEX16;DHCR24;EFHC1;FADS1;GNPAT;PIPOX;BCAR3;ABCA3;CYP46A1;OPTN;HSD17B11;PEX6,CD8_Tem
prerank,TGF-beta Signaling,-0.32582403209121935,-1.2433961747446582,0.1311881188118812,0.16153000314169025,0.748,21/47,24.24%,JUNB;CDKN1C;SERPINE1;ACVR1;PMEPA1;KLF10;SKI;HDAC1;FKBP1A;SMAD7;TGFB1;ARID4B;ID2;UBE2D3;FURIN;SKIL;SPTBN1;TRIM33;ID1;SMURF1;PPP1R15A,CD8_Tem
prerank,Myc Targets V1,-0.2509809793324852,-1.2409768548141125,0.0353356890459364,0.1563514504136559,0.755,64/196,22.45%,PSMA1;KPNA2;SRSF3;CCT2;PGK1;TYMS;IFRD1;LDHA;CTPS1;SF3A1;SRSF2;PSMA7;GSPT1;RAD23B;PSMB2;PSMA4;PSMD8;HPRT1;VDAC1;MCM5;STARD7;PABPC1;ETF1;EIF3B;SRM;HSPD1;PSMC4;PRDX3;CCT5;CCT3;SERBP1;EIF3J;PCBP1;CCT7;PSMB3;NPM1;DDX21;PCNA;HDGF;MRPL23;TRIM28;SET;HSPE1;LSM2;PSMC6;TXNL4A;TFDP1;SRPK1;EIF4G2;MCM4;EIF4A1;ILF2;XPO1;RRM1;CSTF2;RACK1;TCP1;SRSF7;MCM6;ODC1;CCT4;FAM120A;LSM7;HNRNPU,CD8_Tem
prerank,Complement,-0.26515079580472306,-1.2260768265416608,0.05921052631578947,0.1658384028789307,0.785,35/132,14.36%,TNFAIP3;JAK2;PDP1;CCL5;DUSP5;IRF7;PLSCR1;LAP3;GNB4;RABIF;PREP;RCE1;CD55;FDX1;SERPINE1;CTSS;RHOG;GNG2;USP15;PRSS36;ERAP2;WAS;FCER1G;CTSD;FYN;PPP2CB;GZMB;BRPF3;CTSB;CEBPB;SH2B3;F7;MAFF;PSMB9;CASP3,CD8_Tem
prerank,KRAS Signaling Up,-0.27007779826546624,-1.2259270190074252,0.09037900874635568,0.15881927085467634,0.786,23/103,12.22%,TNFAIP3;GFPT2;TNFRSF1B;IL2RG;AKT2;RBM4;TRIB2;IRF8;LAPTM5;ETS1;CBX8;CTSS;PSMB8;VWA5A;ADAM8;STRN;FCER1G;DNMBP;ABCB1;KLF4;PRELID3B;SATB1;ID2,CD8_Tem
prerank,DNA Repair,-0.2586687276354077,-1.2093861022019152,0.09252669039145907,0.17126138862708137,0.828,39/143,19.78%,SRSF6;VPS37B;PDE6G;TYMS;ELOA;POLB;ELL;GTF3C5;DCTN4;RAE1;ADA;POLR2A;HPRT1;CANT1;ADRM1;POLD4;ZNF707;CLP1;POLR1D;LIG1;TAF1C;BRF2;PDE4B;POLR2F;SDCBP;PCNA;CMPK2;NT5C3A;VPS37D;RAD51;ALYREF;POLR2C;TSG101;SNAPC4;RNMT;POM121;ERCC2;USP11;POLR3C,CD8_Tem
prerank,Cholesterol Homeostasis,-0.2941868721648177,-1.2005677773948187,0.14092140921409213,0.17611058749607286,0.846,22/60,24.07%,GSTM2;PLSCR1;CHKA;STX5;MVD;FABP5;TM7SF2;ALCAM;ATF5;TMEM97;ECH1;HSD17B7;TNFRSF12A;TRIB3;NFIL3;CPEB2;ANXA5;FASN;IDI1;CD9;FBXO6;FDPS,CD8_Tem
prerank,PI3K/AKT/mTOR  Signaling,-0.2712181714381289,-1.1978920847063874,0.12094395280235988,0.17187462239300128,0.848,25/92,17.21%,CAMK4;STAT2;NFKBIB;IL2RG;AP2M1;MYD88;RPTOR;DDIT3;MAP2K3;CDKN1A;CDK1;FASLG;MKNK2;RPS6KA3;SLA;ARPC3;PIN1;TRAF2;ECSIT;PTPN11;TRIB3;MAPK8;UBE2D3;PDK1;PRKAG1,CD8_Tem
prerank,Myogenesis,0.2916167297822576,1.1840852994773263,0.1746987951807229,0.31568823882989383,0.994,19/98,12.10%,SVIL;IGFBP3;NCAM1;SORBS3;TPM3;SGCD;RB1;GNAO1;PRNP;CLU;LARGE1;WWTR1;LAMA2;ITGB1;FKBP1B;FXYD1;NOTCH1;DMPK;FHL1,CD8_Tem
prerank,Adipogenesis,-0.2385120275417487,-1.1456814381434561,0.14696485623003194,0.24476094064532644,0.932,55/163,23.03%,ATP1B3;PEX14;GADD45A;PIM3;SLC5A6;UCK1;ATL2;TST;CHUK;TALDO1;GPAM;UBQLN1;TKT;UQCRC1;BCL6;BCKDHA;SLC19A1;ENPP2;CCNG2;PRDX3;PPP1R15B;ACLY;AIFM1;SLC1A5;ABCB8;COX7B;PFKFB3;ACADS;RIOK3;UCP2;ECH1;ACO2;YWHAG;SCARB1;ATP5PO;GRPEL1;DNAJC15;TOB1;COX6A1;RTN3;CS;HADH;POR;GPAT4;RETSAT;MRPL15;IMMT;COQ5;ETFB;LPCAT3;ARAF;MDH2;ELMOD3;DGAT1;COQ9,CD8_Tem
prerank,Androgen Response,0.2932652294591113,1.145405224069895,0.22782874617737003,0.35219728845254794,0.998,31/81,24.53%,ADAMTS1;MAF;MYL12A;INPP4B;ABCC4;CDC14B;ELOVL5;ABHD2;PA2G4;DHCR24;TPD52;FADS1;LMAN1;ACTN1;XRCC5;CDK6;SMS;ANKH;SPCS3;PLPP1;SORD;PGM3;TSC22D1;MAK;CCND3;AKT1;SELENOP;RAB4A;TNFAIP8;DNAJB9;STK39,CD8_Tem
prerank,Myc Targets V2,-0.2786926364007881,-1.1095227181813054,0.26822157434402333,0.3001885014137606,0.963,15/56,18.07%,DUSP2;IPO4;MCM5;NOP2;SLC19A1;SRM;HSPD1;NPM1;TMEM97;HK2;HSPE1;RCL1;MCM4;PPRC1;RRP12,CD8_Tem
prerank,Estrogen Response Early,0.26484780662937046,1.1083578437063384,0.25748502994011974,0.38667082229494576,0.998,25/120,12.76%,SVIL;DYNLT3;SNX24;BCL2;MYBL1;SH3BP5;DHRS3;AREG;ASB13;RETREG1;ELOVL5;ABHD2;PLAAT3;SLC22A5;MREG;RHOBTB3;CHPT1;IGF1R;DHCR7;ADD3;GAB2;ABCA3;KAZN;MYC;XBP1,CD8_Tem
prerank,UV Response Dn,0.2694959006072125,1.084009576577502,0.3050847457627119,0.39642200405173755,1.0,20/96,17.63%,AKT3;BMPR1A;ACVR2A;SCN8A;ANXA2;INPP4B;ARHGEF9;ERBB2;IGF1R;SRI;ADD3;NOTCH2;ANXA4;MYC;KALRN;PRKAR2B;MT1E;DMAC2L;PTPRM;PIAS3,CD8_Tem
prerank,Hedgehog Signaling,-0.34002990617274487,-1.0470083982547802,0.38235294117647056,0.419816481956948,0.989,6/18,18.39%,TLE3;RASA1;ETS2;MYH9;ACHE;ADGRG1,CD8_Tem
prerank,Spermatogenesis,-0.2530281942577802,-1.0455892252384156,0.32865168539325845,0.40992774112472513,0.991,18/67,20.46%,EZH2;CAMK4;SLC12A2;TALDO1;TLE4;CDK1;DBF4;IL12RB2;ZC3H14;SIRT1;NEFH;CHFR;RPL39L;NCAPH;GFI1;IP6K1;PGS1;GSTM3,CD8_Tem
prerank,Fatty Acid Metabolism,-0.22090921355255616,-1.0211138844541132,0.41420118343195267,0.4579266871383256,0.995,35/122,22.92%,UBE2L6;D2HGDH;CPT1A;LDHA;HSPH1;CPOX;TP53INP2;ACSS1;PSME1;HPGD;NTHL1;METAP1;HSP90AA1;ALDH9A1;PTS;ACAA1;ACOT8;ACADS;ECH1;ACO2;HSD17B7;ACOT2;GABARAPL1;KMT5A;ACADVL;EHHADH;PDHB;HADH;RETSAT;PRDX6;ODC1;MDH2;CBR1;FASN;IDI1,CD8_Tem
prerank,Reactive Oxygen Species Pathway,-0.2675014932379412,-1.0115448947496963,0.4670487106017192,0.466020656613258,0.996,14/45,20.45%,JUNB;SBNO2;TXNRD1;LAMTOR5;ABCC1;IPCEF1;NDUFA6;STK25;OXSR1;NDUFS2;EGLN2;NDUFB4;ERCC2;PRDX6,CD8_Tem
prerank,Xenobiotic Metabolism,-0.2116385527176613,-0.9679955951933383,0.5459770114942529,0.5661897009682119,1.0,22/111,14.34%,SERTAD1;SLC35D1;GCH1;IRF8;HES6;SERPINE1;SLC6A6;SHMT2;HPRT1;HMOX1;ALDH9A1;PGD;PTS;GSTM4;SLC1A5;ETS2;ID2;TMEM97;ECH1;ACO2;PSMB10;DCXR,CD8_Tem
prerank,Wnt-beta Catenin Signaling,0.3048737991699408,0.9604661644047046,0.5277310924369748,0.6378908297561875,1.0,7/29,12.60%,PTCH1;HDAC11;CSNK1E;TP53;NOTCH1;CUL1;MYC,CD8_Tem
prerank,Glycolysis,-0.19642013309810694,-0.9280020988851413,0.6327160493827161,0.649276487220713,1.0,23/142,12.69%,CHST2;LHPP;NASP;PGK1;ISG20;LDHA;FKBP4;PGM2;TALDO1;CHST12;ALDH9A1;HDLBP;PSMC4;CDK1;MED24;PYGB;FUT8;PPP2CB;CITED2;CHPF;NANP;RBCK1;HK2,CD8_Tem
prerank,Pperoxisome,0.23118992531106428,0.9140338383500236,0.6307448494453248,0.6902134954028363,1.0,17/85,15.43%,CNBP;TSPO;DHRS3;ERCC1;GSTK1;ELOVL5;EPHX2;DHCR24;PRDX1;FADS1;GNPAT;ITGB1BP1;STS;ECI2;ACSL4;HSD17B11;PEX6,CD8_Tem
prerank,Apical Surface,-0.24493855889753474,-0.8157875355256411,0.7630331753554502,0.8676091737354696,1.0,4/27,10.05%,IL2RG;AFAP1L2;LYPD3;ADAM10,CD8_Tem
prerank,Protein Secretion,0.20261851361526567,0.8058851873800036,0.821917808219178,0.8510518934081347,1.0,19/85,20.16%,CD63;AP2B1;TMED10;TPD52;VPS45;RAB9A;GALC;LMAN1;TMED2;DOP1A;ATP1A1;SEC22B;ANP32E;PPT1;CLTC;PAM;CTSC;CLN5;ARCN1,CD8_Tem
prerank,Myc Targets V1,-0.5926666082966616,-2.841848635459848,0.0,0.0,0.0,109/199,20.08%,VDAC1;EIF3B;EIF4G2;CTPS1;EIF4A1;RAD23B;KPNA2;NOP16;SERBP1;HPRT1;STARD7;PSMB2;UBE2L3;DDX21;PPM1G;SNRPG;PSMA4;HDGF;TXNL4A;PSMA7;RNPS1;IMPDH2;PWP1;CCT2;LDHA;EIF3J;SET;COX5A;SYNCRIP;NOLC1;RPLP0;YWHAQ;ETF1;SMARCC1;PSMC4;TRIM28;CYC1;POLE3;PCBP1;LSM2;PSMD8;C1QBP;SRM;PSMC6;NME1;SRPK1;ILF2;MCM7;CDC45;PABPC1;PSMD14;PSMD3;MCM2;KPNB1;IFRD1;HDAC2;PPIA;AP3S1;TFDP1;HNRNPD;PSMB3;RAN;MCM4;PSMA2;MCM5;SNRPB2;TYMS;PRPS2;COPS5;PSMA6;NDUFAB1;RANBP1;GNL3;GSPT1;PSMD1;KARS1;ERH;TUFM;CCT3;CCT5;PHB2;HSP90AB1;SNRPD1;HNRNPA2B1;MCM6;SF3A1;PGK1;FAM120A;ABCE1;SNRPD3;EIF2S2;CCT7;CDK2;PRDX3;APEX1;HNRNPR;RFC4;CCT4;AIMP2;SRSF2;LSM7;RPL6;NHP2;DEK;PRPF31;IARS1;USP1;EXOSC7;SRSF3,CD8_naive_Tcm
prerank,G2-M Checkpoint,-0.5739445997906198,-2.7095335643756875,0.0,0.0,0.0,105/182,23.60%,SMC4;CENPE;H2BC12;RAD23B;SAP30;KPNA2;MAP3K20;HMGA1;ODF2;HMGB3;BARD1;EZH2;TOP1;SQLE;DR1;NASP;UBE2S;SYNCRIP;NOLC1;LMNB1;LBR;SMAD3;SMARCC1;TLE3;UPF1;CHMP1A;CKS2;CHAF1A;NSD2;STMN1;NCL;CDC45;MCM2;E2F3;CUL4A;KNL1;KPNB1;DDX39A;TACC3;ATF5;SMC1A;KMT5A;MTF2;CHEK1;CDC6;GINS2;TFDP1;CCNB2;E2F1;H2AZ2;HNRNPD;CDC7;PML;SS18;FBXO5;RACGAP1;MCM5;NDC80;UCK2;JPT1;TPX2;CUL3;ORC6;TOP2A;HIF1A;GSPT1;INCENP;CENPF;EXO1;CCNF;HSPA8;SNRPD1;CDKN2C;MCM6;PRC1;TNPO2;PLK4;SLC7A5;LIG3;TTK;WRN;PAFAH1B1;KIF5B;KIF23;MCM3;CTCF;SRSF2;POLQ;POLE;SUV39H1;MARCKS;NUP50;H2AX;KATNA1;BUB1;SFPQ;TGFB1;NUP98;RBM14;PRMT5;HMGN2;FANCC;ABL1;KIF2C;CDC27,CD8_naive_Tcm
prerank,Mitotic Spindle,-0.5318268053361067,-2.4993090756903715,0.0,0.0,0.0,89/181,23.83%,SMC4;EPB41;CD2AP;CENPE;TIAM1;TRIO;EPB41L2;PCNT;SPTBN1;RAPGEF5;EZR;MYO1E;ROCK1;ACTN4;PPP4R2;CLIP2;KPTN;GEMIN4;LMNB1;ARHGEF7;ATG4B;RHOF;SPTAN1;CLIP1;RABGAP1;WASF2;ANLN;MAPRE1;AKAP13;SMC1A;MARK4;STAU1;CCNB2;FARP1;CAPZB;ARHGDIA;FBXO5;RACGAP1;SEPTIN9;HOOK3;NDC80;CDC42;MYO9B;TPX2;TOP2A;ARHGAP4;DOCK2;INCENP;CENPF;MYH9;RANBP9;SSH2;PRC1;WASL;STK38L;CSNK1D;CKAP5;PLEKHG2;RALBP1;ARF6;TTK;MAP1S;KLC1;KIF3C;PREX1;WASF1;PAFAH1B1;KIF5B;KIF23;ABI1;BCL2L11;MARCKS;KATNA1;BUB1;BIN1;FGD6;SAC3D1;RASA2;NCK1;ARL8A;PDLIM5;TAOK2;ECT2;NET1;NEDD9;ABL1;KIF2C;CDC27;CEP250,CD8_naive_Tcm
prerank,Interferon Gamma Response,-0.5243748460831129,-2.4463684765534435,0.0,0.0,0.0,81/173,20.32%,CD38;AUTS2;IRF4;RNF213;ARID5B;GZMA;LGALS3BP;PSMB2;CCL5;GBP4;PTPN2;UBE2L6;ISG15;LAP3;IFI27;CD69;FAS;NMI;APOL6;MTHFD2;NUP93;OAS2;PELI1;IRF7;USP18;ZNFX1;IFI44L;STAT2;PSMB8;RBCK1;PDE4B;TNFSF10;PSME1;MYD88;EPSTI1;SP110;PARP12;CASP4;NAMPT;PML;CASP3;IRF9;PSMA2;IFIH1;CD74;GCH1;IRF8;PNPT1;TRIM25;PSME2;HIF1A;TNFAIP3;PLSCR1;XAF1;IL15;CMPK2;IRF1;PSMA3;MX1;NFKBIA;RNF31;IL4R;STAT1;TAP1;TRIM21;NCOA3;IFIT3;SPPL2A;IFI35;TAPBP;IFI44;ISG20;SAMD9L;RSAD2;TRAFD1;LYSMD2;OASL;ADAR;ARL4A;DDX60;NFKB1,CD8_naive_Tcm
prerank,Interferon Alpha Response,-0.5544905405981077,-2.3889378025721943,0.0,0.0,0.0,52/93,20.22%,NCOA7;GBP2;LGALS3BP;CCRL2;CNP;GBP4;UBE2L6;SELL;ISG15;LAP3;IFI27;NMI;IRF7;USP18;IFI44L;STAT2;PSMB8;PSME1;EPSTI1;SP110;PARP12;IRF9;IFIH1;CD74;IFITM1;PNPT1;TRIM25;PSME2;LPAR6;PLSCR1;IL15;OAS1;CMPK2;IRF1;PSMA3;PARP9;MX1;RNF31;IL4R;TAP1;TRIM21;IFIT3;LAMP3;IFI35;IFI44;ISG20;SAMD9L;RSAD2;TRAFD1;OASL;ADAR;DDX60,CD8_naive_Tcm
prerank,TNF-alpha Signaling via NF-kB,-0.5041894683812129,-2.3246916193828984,0.0,0.0,0.0,78/158,23.26%,ABCA1;PMEPA1;REL;KLF6;TNIP1;JUN;CCRL2;EFNA1;CCL5;KDM6B;RELB;ZBTB10;CD83;ATP2B1;CD69;PPP1R15A;KLF10;BTG3;SMAD3;BIRC2;B4GALT1;TANK;SPSB1;STAT5A;SIK1;PDE4B;MAFF;IER5;FOS;B4GALT5;ETS2;PTPRE;NAMPT;NR4A3;MCL1;RCAN1;PTGER4;IFIH1;LDLR;RELA;FOSL2;KLF4;GCH1;TUBB2A;TNFAIP3;NFKBIE;ATF3;NFAT5;MAP2K3;IL7R;IRF1;RNF19B;NFKBIA;GADD45A;DENND5A;TAP1;IL23A;BIRC3;DNAJB4;FOSL1;JUNB;MARCKS;PNRC1;MXD1;ZFP36;MAP3K8;EIF1;NFKB1;SLC2A6;YRDC;BTG2;PFKFB3;ZC3H12A;CCL4;GEM;TSC22D1;PDLIM5;SGK1,CD8_naive_Tcm
prerank,mTORC1 Signaling,-0.48518753103859663,-2.2995915980790422,0.0,0.0,0.0,87/189,20.11%,NFKBIB;HPRT1;PIK3R3;RPN1;SHMT2;PSMA4;PSME3;ARPC5L;PITPNB;SQLE;ENO1;SCD;YKT6;LDHA;MTHFD2L;PPP1R15A;PSMD13;ETF1;MLLT11;GSK3B;PSMC4;RIT1;IGFBP5;MTHFD2;PSMC6;GPI;TFRC;PSMD14;EEF1E1;IMMT;HMGCR;MCM2;ACLY;DDX39A;ADIPOR2;IFRD1;GSR;PPIA;HSPA5;CCT6A;NAMPT;HSPA4;SLC2A1;IDI1;MCM4;SKAP2;LDLR;COPS5;CALR;NMT1;ATP6V1D;CD9;PSAT1;ADD3;PSMC2;TCEA1;ACTR2;HMGCS1;CCNF;ELOVL5;MAP2K3;EBP;SLC6A6;TXNRD1;TMEM97;PSMA3;NUFIP1;CTSC;PGK1;SLC7A5;PDAP1;EIF2S2;RDH11;TRIB3;ATP2A2;TES;GTF2H1;PGM1;CACYBP;SDF2L1;SYTL2;UBE2D3;SEC11A;ABCF2;SLC1A5;SORD;BUB1,CD8_naive_Tcm
prerank,E2F Targets,-0.47423685610639515,-2.2641255447845063,0.0,0.0,0.0,89/184,24.06%,SMC4;CENPE;CTPS1;KPNA2;ING3;PPM1D;HMGA1;HMGB3;BARD1;EZH2;TUBB;SNRPB;PPP1R8;WEE1;BUB1B;NASP;TIMELESS;UBE2S;SYNCRIP;NOLC1;SLBP;LMNB1;LBR;CKS2;MTHFD2;STMN1;PHF5A;TP53;DCK;NME1;TFRC;MCM7;MCM2;DDX39A;TACC3;SMC1A;CHEK1;DNMT1;CCNB2;HNRNPD;RACGAP1;RAN;MCM4;MCM5;GINS3;UBR7;JPT1;CSE1L;ORC6;TOP2A;RANBP1;GSPT1;MSH2;DCLRE1B;DCTPP1;IPO7;CDKN2C;PAICS;MCM6;PLK4;RAD51AP1;RFC3;PRKDC;MCM3;CTCF;POP7;SRSF2;NCAPD2;POLE;SUV39H1;DEK;H2AX;LYAR;SMC6;POLD1;USP1;GINS1;RAD1;NUP153;DIAPH3;PA2G4;XRCC6;BRCA1;TUBG1;NOP56;KIF2C;PCNA;PMS2;ASF1B,CD8_naive_Tcm
prerank,PI3K/AKT/mTOR  Signaling,-0.5018693453899306,-2.1122533864738053,0.0,0.0,0.0,52/92,24.18%,TIAM1;PRKAG1;NFKBIB;PIK3R3;TSC2;MAPK1;AP2M1;PLCG1;PTPN11;PFN1;ARF1;CSNK2B;GSK3B;UBE2N;RIT1;CFL1;ARPC3;STAT2;CAMK4;MYD88;PPP1CA;E2F1;RAC1;SLC2A1;ARHGDIA;AKT1S1;CALR;MAPK8;YWHAB;ACTR2;MKNK2;AKT1;MAP2K3;CLTC;RPS6KA1;PTEN;CDK2;TRIB3;PLCB1;PIN1;UBE2D3;ITPR2;VAV3;IL2RG;MAPK10;LCK;NCK1;TRAF2;GRK2;ACTR3;SMAD2;ATF1,CD8_naive_Tcm
prerank,Oxidative Phosphorylation,-0.43285605020382,-2.060599418685142,0.0,0.0,0.0,94/198,24.44%,VDAC1;SLC25A5;ATP5F1C;IDH2;ATP5F1B;CS;CYCS;OGDH;ATP5F1E;LDHA;COX5A;COX6A1;ALAS1;NDUFA7;TIMM8B;NDUFS6;COX7B;SDHD;NDUFA6;CYC1;NDUFA9;GPI;MDH2;MRPS12;MRPS15;IMMT;MRPS11;ATP5PB;ACAA2;ISCA1;UQCRQ;ATP5MC3;ATP6V0B;MRPL15;UQCRC2;UQCRC1;NDUFA2;ATP5MF;SLC25A6;PDP1;ATP1B1;NDUFC2;BDH2;NDUFS3;NDUFAB1;PDHB;ATP6V1D;NDUFV1;RETSAT;MFN2;ATP6V1F;CYB5R3;TOMM22;SLC25A20;BAX;IDH3B;POLR2F;ATP5PF;ETFA;UQCRH;PHB2;DLD;PMPCA;TIMM13;NDUFB4;NDUFB6;SDHB;PRDX3;AFG3L2;NNT;MDH1;UQCR10;ATP6V1H;CYB5A;MRPL34;ACAA1;UQCRFS1;ACADM;RHOT1;SUCLG1;NDUFS1;AIFM1;MRPS22;VDAC2;HCCS;NDUFB3;ATP6V0C;COX6B1;MTRR;SLC25A12;BCKDHA;ATP5ME;ETFB;NDUFS8,CD8_naive_Tcm
prerank,Myc Targets V2,-0.519144367702564,-2.0110501436223163,0.0,0.0,0.0,29/57,22.91%,NOP16;SLC19A1;TCOF1;NDUFAF4;PPRC1;NOLC1;IPO4;SRM;NIP7;MCM4;MCM5;GNL3;DCTPP1;TMEM97;BYSL;GRWD1;NOP2;PLK4;PES1;TFB2M;RRP12;WDR43;AIMP2;MYBBP1A;MRTO4;SORD;PA2G4;CBX3;NOP56,CD8_naive_Tcm
prerank,UV Response Up,-0.4378293784933067,-1.9787379116727726,0.0,0.00016846077390879533,0.001,56/121,19.41%,IGFBP2;DGAT1;RPN1;DDX21;BAK1;ARRB2;CNP;KLHDC3;YKT6;AP2S1;ALAS1;CEBPG;MARK2;BTG3;POLE3;FKBP4;PSMC3;TFRC;CDC5L;FEN1;PRKACA;FOS;BID;CASP3;STK25;AGO2;STARD3;CLTB;NXF1;GCH1;CDC34;BSG;ATP6V1F;NUP58;DNAJA1;ATF3;RASGRP1;IRF1;AQP3;PRKCD;NFKBIA;TARS1;PDAP1;HSPA13;PPIF;TAP1;WIZ;CDK2;RFC4;HYAL2;JUNB;BCL2L11;FURIN;H2AX;ACAA1;CHKA,CD8_naive_Tcm
prerank,Unfolded Protein Response,-0.4486391181754559,-1.9642561678767116,0.0,0.000311004505677776,0.002,49/108,22.91%,EIF4A1;LSM1;YWHAZ;KHSRP;DCTN1;HYOU1;GEMIN4;NOLC1;CEBPG;EIF4G1;MTHFD2;DNAJC3;DCP2;ATP6V0D1;SEC31A;ATF4;EEF2;HSPA5;SLC30A5;TUBB2A;CALR;YIF1A;PSAT1;ATF3;EXOSC10;TATDN2;PAIP1;EIF4EBP1;TARS1;SLC7A5;ALDH18A1;EIF4A3;MTREX;BANF1;KIF5B;PDIA5;PDIA6;NHP2;ERN1;ZBTB17;SEC11A;IARS1;H2AX;SRPRB;NFYA;ARFGAP1;DDX10;SHC1;NOP56,CD8_naive_Tcm
prerank,TGF-beta Signaling,-0.5211002823117273,-1.9623482223437068,0.0023148148148148147,0.00028878989812936343,0.002,26/48,21.52%,CDH1;FKBP1A;PMEPA1;SMURF2;SPTBN1;RHOA;ACVR1;SKIL;SMAD1;SMAD7;PPP1R15A;KLF10;SMAD3;PPP1CA;ARID4B;PPM1A;TRIM33;TGFBR1;SKI;JUNB;UBE2D3;FURIN;SMURF1;HDAC1;TGFB1;NCOR2,CD8_naive_Tcm
prerank,DNA Repair,-0.4266249141404007,-1.9567123262846595,0.0,0.00026953723825407254,0.002,53/144,18.04%,ELOA;HPRT1;ADA;ALYREF;SEC61A1;DGCR8;GUK1;POLB;IMPDH2;MPC2;POLR2K;DDB1;RAE1;SUPT4H1;CANT1;APRT;NELFB;TP53;NME1;NELFCD;SRSF6;FEN1;PDE6G;POLR2G;RALA;DCTN4;POLR2A;GTF3C5;PDE4B;TYMS;SNAPC4;POM121;VPS37B;POLR2F;CMPK2;BRF2;MPG;RFC3;POLR2J;SDCBP;GTF2A2;ADRM1;ELL;POLR2E;RBX1;POLR1D;RFC4;NME4;AGO4;ZWINT;GTF2H1;ITPA;TSG101,CD8_naive_Tcm
prerank,Inflammatory Response,-0.4132380586244138,-1.8328132404498427,0.0,0.0006317279021579825,0.005,46/126,18.03%,RGS1;ABCA1;KLF6;CHST2;CCRL2;CCL5;SLC31A1;RHOG;MSR1;SELL;ATP2B1;CD69;RNF144B;NMI;SLC4A4;TNFRSF1B;IRF7;CALCRL;TLR1;C3AR1;PDE4B;GNAI3;TNFSF10;PTPRE;NAMPT;PTGER4;LDLR;RELA;IFITM1;GCH1;HIF1A;ATP2C1;RASGRP1;IL15;PSEN1;IL7R;PTGIR;IRF1;NFKBIA;IL4R;SELENOS;ADRM1;LAMP3;ATP2A2;TAPBP;ABI1,CD8_naive_Tcm
prerank,IL-6/JAK/STAT3 Signaling,-0.45048569360869084,-1.7789125827903074,0.0,0.001070221387185288,0.009,17/59,15.04%,CD38;ITGA4;JUN;BAK1;PTPN11;PTPN2;FAS;TNFRSF1B;STAT2;MYD88;IRF9;TNFRSF21;CD9;TYK2;IRF1;IL4R;STAT1,CD8_naive_Tcm
prerank,Apical Junction,-0.3862291325239481,-1.7440013121454943,0.0,0.002246143652117271,0.02,40/129,17.01%,EVL;MAP3K20;CDH1;ITGB1;PIK3R3;EPB41L2;JUP;ARPC2;PLCG1;MAPK11;ACTN4;ATP1A3;MSN;PFN1;MVD;RHOF;FYB1;B4GALT1;MAP4K2;PECAM1;AKT2;SKAP2;NF2;BAIAP2;RSU1;ADAM23;RAC2;MYH9;NEGR1;WASL;GNAI2;PTPRC;VAV2;PTEN;MPZL1;NEXN;ADAM9;CDK8;IRS1;ACTB,CD8_naive_Tcm
prerank,Complement,-0.3599092199395761,-1.6597895528676478,0.0,0.0052134176346511395,0.048,43/148,16.68%,CR2;CR1;GZMK;GZMA;PREP;FCER1G;GNG2;CCL5;RHOG;PFN1;LAP3;PPP4C;USP15;CALM1;IRF7;RABIF;PIK3CG;CTSB;MAFF;GNAI3;HSPA5;CASP4;PDP1;CASP3;CTSD;TNFAIP3;GNB2;CBLB;RCE1;PLSCR1;CASP9;RASGRP1;PSEN1;IRF1;PRKCD;CTSC;GNAI2;SH2B3;ERAP2;ADAM9;SIRT6;FYN;WAS,CD8_naive_Tcm
prerank,heme Metabolism,-0.35648969755993287,-1.6517226288511166,0.0,0.005559205538990246,0.054,75/155,27.11%,EPB41;GLRX5;TOP1;HDGF;MBOAT2;AGPAT4;TSPAN5;LPIN2;USP15;CTNS;PPP2R5B;NCOA4;FOXJ2;GDE1;OPTN;RANBP10;TFRC;GAPVD1;DCAF11;CTSB;ISCA1;SEC14L1;NUDT4;FOXO3;PSMD9;MARK3;SLC2A1;FECH;YPEL5;BSG;FBXO34;MPP1;TCEA1;PGLS;MAP2K3;GYPC;RNF19A;TMEM9B;AQP3;TFDP2;NR3C1;UCP2;SDCBP;ATG4A;UBAC1;DAAM1;NNT;SLC10A3;BNIP3L;ACP5;ELL2;MOSPD1;GCLC;KLF3;BTG2;MARCHF2;CAT;CCDC28A;BMP2K;ATP6V0A1;MXI1;BPGM;CDC27;EZH1;DCUN1D1;NFE2L1;MFHAS1;ADIPOR1;ADD1;DCAF10;VEZF1;SIDT2;RNF123;RBM38;EPOR,CD8_naive_Tcm
prerank,Apoptosis,-0.3670334240858749,-1.6361527895156047,0.0024937655860349127,0.005968324561340177,0.06,52/135,20.18%,CD38;PAK1;PMAIP1;JUN;PDCD4;ROCK1;WEE1;SMAD7;CD69;FAS;ETF1;BTG3;CASP2;SPTAN1;RARA;PPP2R5B;DNAJC3;GSR;TNFSF10;BID;CASP4;CASP3;MCL1;CCND2;RELA;GCH1;RETSAT;TOP2A;DNAJA1;ATF3;BCL2L1;BAX;CASP9;EBP;PSEN1;IRF1;CD2;GADD45A;CYLD;TAP1;CDK2;DAP;BIRC3;ANXA1;IGF2R;DFFA;BCL2L11;ISG20;CREBBP;NEFH;LEF1;BNIP3L,CD8_naive_Tcm
prerank,Androgen Response,-0.3869696530746336,-1.6215376213888972,0.0,0.006707801724732032,0.07,40/83,23.26%,SRP19;ARID5B;PMEPA1;UBE2I;ZBTB10;CAMKK2;SCD;ZMIZ1;DBI;TMEM50A;B4GALT1;MAK;NCOA4;HMGCR;SLC38A2;GSR;SRF;GNAI3;CDK6;IDI1;VAPA;CENPN;MAF;NGLY1;HMGCS1;AKT1;ELOVL5;UBE2J1;RRP12;STK39;ADRM1;PTK2B;SORD;ELL2;UAP1;PA2G4;XRCC6;TSC22D1;PDLIM5;SGK1,CD8_naive_Tcm
prerank,Adipogenesis,-0.32768411390879504,-1.546359130470169,0.0025906735751295338,0.011689712832975537,0.122,70/168,24.97%,TKT;ABCA1;SLC19A1;DGAT1;CS;CHUK;CCNG2;PDCD4;ARAF;COX6A1;MTCH2;COX7B;CYC1;TANK;MDH2;RTN3;IMMT;ATP1B3;ACLY;STAT5A;PPP1R15B;ADIPOR2;ACAA2;UQCRQ;GPAT4;MRPL15;UQCRC1;NDUFS3;ATL2;NMT1;NDUFAB1;RETSAT;LPCAT3;RMDN3;DLD;CDKN2C;ESYT1;GADD45A;UCP2;SDHB;SLC5A6;UBC;PRDX3;GHITM;RREB1;SQOR;PGM1;ACOX1;UQCR10;TALDO1;SLC1A5;PIM3;ARL4A;REEP5;ACADM;RNF11;SUCLG1;AIFM1;PFKFB3;CAT;G3BP2;ANGPT1;ABCB8;RETN;BCKDHA;PLIN2;HADH;ETFB;ELMOD3;ESRRA,CD8_naive_Tcm
prerank,p53 Pathway,-0.33150795876333833,-1.529188719917154,0.0047169811320754715,0.013139940364886036,0.143,47/161,16.26%,MXD4;ADA;RALGDS;PPM1D;SEC61A1;EI24;JUN;BAK1;IP6K2;TRAF4;SLC35D1;PPP1R15A;FAS;NUDT15;TP53;SLC3A2;IRAK1;DEF6;IRAG2;FOXO3;IER5;FOS;PTPRE;TAX1BP3;PITPNC1;CCND2;SERTAD3;BAIAP2;KLF4;CTSD;RETSAT;POM121;WRAP73;CCNK;ATF3;BAX;RCHY1;MKNK2;RNF19B;GADD45A;GM2A;TRIAP1;SP1;TAP1;ZFP36L1;ABCC5;TRIB3,CD8_naive_Tcm
prerank,Cholesterol Homeostasis,-0.3806037627774738,-1.5094080011049889,0.017738359201773836,0.015040177894577247,0.168,25/62,22.08%,TP53INP1;STX5;SQLE;ETHE1;MVD;SCD;HMGCR;ATF5;FASN;IDI1;LDLR;CD9;FBXO6;ATF3;PLSCR1;HMGCS1;EBP;TMEM97;FDPS;TRIB3;PNRC1;CHKA;PDK3;FDFT1;ACTG1,CD8_naive_Tcm
prerank,Allograft Rejection,-0.32472377922541534,-1.5050213071875556,0.002617801047120419,0.014928216272533247,0.174,53/156,23.31%,IRF4;GBP2;EIF3A;GZMA;EIF4G3;CCL5;CAPG;PRKCG;EIF3J;CD7;FAS;UBE2N;FYB1;CXCR3;IRF7;NME1;TRAT1;TLR1;UBE2D1;CCND2;CSK;CD74;IRF8;IL27RA;EIF5A;HIF1A;AKT1;IL15;CD2;ETS1;ABCE1;PTPRC;GALNT1;IFNG;IL4R;GLMN;STAT1;TAP1;WAS;TAPBP;ABI1;IL2RG;TGFB1;CCL4;RPS19;BCL10;BRCA1;LCK;NCK1;TRAF2;ST8SIA4;CD3G;TAP2,CD8_naive_Tcm
prerank,Hedgehog Signaling,-0.4934194691676066,-1.3930186202707848,0.08971553610503283,0.038708542271487636,0.405,8/17,12.77%,DPYSL2;TLE3;CDK6;ETS2;PML;MYH9;TLE1;GLI1,CD8_naive_Tcm
prerank,Estrogen Response Late,-0.2986975290921541,-1.3502750835747495,0.031630170316301706,0.05306514378127053,0.515,41/120,21.86%,TIAM1;IDH2;HPRT1;CDH1;PDCD4;BTG3;RBBP8;FKBP4;CLIC3;JAK1;RABEP1;SLC29A1;CDC6;GINS2;OPN3;FOS;SLC16A1;FARP1;NXT1;KLF4;CD9;SIAH2;TOP2A;ADD3;CELSR2;ELOVL5;CKB;SNX10;PLK4;SLC7A5;PPIF;XRCC3;ISG20;CISH;NRIP1;ZFP36;SORD;PRKAR2B;FDFT1;NCOR2;AFF1,CD8_naive_Tcm
prerank,Reactive Oxygen Species Pathway,-0.3641872675413648,-1.3379953653626937,0.07398568019093078,0.05660282003335524,0.545,21/43,26.00%,TXN;LSP1;LAMTOR5;OXSR1;NDUFA6;PDLIM1;GSR;STK25;MBP;TXNRD1;NDUFB4;SELENOS;EGLN2;JUNB;ERCC2;GCLC;CAT;NQO1;PTPA;GLRX;SBNO2,CD8_naive_Tcm
prerank,Protein Secretion,-0.29360952704514093,-1.265105915893747,0.07616707616707617,0.10410875827563552,0.779,27/90,18.45%,ABCA1;MAPK1;AP2M1;NAPG;VPS4B;RAB22A;YKT6;AP2S1;VAMP7;STAM;ARF1;ICA1;SEC31A;AP3S1;CLTA;ARFGAP3;GNAS;ADAM10;CLTC;COPE;CTSC;RAB2A;SCAMP3;TSG101;COPB1;IGF2R;ATP6V1H,CD8_naive_Tcm
prerank,Xenobiotic Metabolism,-0.2763627931516311,-1.241138261349476,0.09367088607594937,0.12024838725980075,0.824,49/130,25.54%,MAN1A1;HPRT1;JUP;SHMT2;PYCR1;SLC35D1;ALAS1;FAS;LPIN2;SLC35B1;AHCY;GSR;ETS2;GCH1;IRF8;NMT1;RETSAT;KARS1;ELOVL5;AKR1C3;SLC6A6;ENPEP;TMEM97;SERTAD1;PINK1;ADH5;ATP2A2;GART;MTHFD1;DDAH2;ACOX1;CYB5A;PTS;GABARAPL1;SLC1A5;GCLC;ARG2;CNDP2;ARPP19;DHRS1;CAT;PDLIM5;CYFIP2;NQO1;UPB1;PGRMC1;UGDH;CROT;ACP1,CD8_naive_Tcm
prerank,Pperoxisome,-0.29433501195495393,-1.239576098994479,0.09557109557109557,0.11806994491332692,0.83,26/84,20.31%,CTPS1;IDH2;VPS4B;CTBP1;CLN6;SMARCC1;PABPC1;ABCD3;PRDX5;NUDT19;SLC35B2;IDI1;ABCD1;RETSAT;TOP2A;MSH2;ELOVL5;RDH11;ABCC5;FDPS;ACOX1;GNPAT;ACAA1;SLC25A19;CDK7;CEL,CD8_naive_Tcm
prerank,Glycolysis,-0.2666405856878004,-1.2304570025063515,0.08801955990220049,0.12319076957475907,0.846,51/146,25.33%,SAP30;TXN;CHST2;PGM2;ENO1;NASP;CACNA1H;LDHA;CLN6;PSMC4;PYGB;B4GALT1;FKBP4;STMN1;MDH2;MIF;ME2;PGAM1;RBCK1;PPIA;HSPA5;HDLBP;CHPF;MED24;PGLS;DLD;PGK1;HS2ST1;RRAGD;EXT1;PLOD1;NANP;MDH1;ISG20;CYB5A;GNPDA1;TALDO1;PDK3;GCLC;GLCE;ARPP19;B3GAT3;SLC25A13;MXI1;AKR1A1;PMM2;B3GALT6;GNE;XYLT2;GLRX;GUSB,CD8_naive_Tcm
prerank,IL-2/STAT5 Signaling,-0.26446713919260634,-1.2202144795953087,0.09736842105263158,0.12884276366836217,0.866,48/160,20.15%,IKZF2;TIAM1;IRF4;KLF6;MYO1E;SCN9A;CAPG;GBP4;ITGAE;CD83;SELL;PRAF2;AHCY;TNFRSF1B;MAPKAPK2;RHOH;SWAP70;MAFF;TNFSF10;IKZF4;CDC6;PLEC;CASP3;CCND2;UCK2;IRF8;TNFRSF21;PDCD2L;BCL2L1;PLSCR1;SPRED2;NOP2;DENND5A;IL4R;RRAGD;NCOA3;EOMES;HUWE1;IGF2R;LRIG1;FURIN;CD81;CISH;GABARAPL1;MXD1;SLC1A5;MAP3K8;ARL4A,CD8_naive_Tcm
prerank,Estrogen Response Early,-0.26802961237101747,-1.2003971088253595,0.09466019417475728,0.1441639171461782,0.907,45/129,22.48%,TIAM1;PMAIP1;UNC119;ABLIM1;ISG20L2;KLF10;RBBP8;RARA;B4GALT1;FKBP4;CANT1;MREG;CLIC3;FHL2;FASN;OPN3;FOS;SLC16A1;FARP1;NXT1;SLC2A1;KLF4;SIAH2;MED24;ADD3;CELSR2;RASGRP1;ELOVL5;AQP3;SLC7A5;PPIF;RETREG1;RRP12;INPP5F;MYBBP1A;LRIG1;CISH;NRIP1;MED13L;FDFT1;NCOR2;AFF1;FCMR;MAST4;RHOBTB3,CD8_naive_Tcm
prerank,Bile Acid Metabolism,0.29953995712556375,1.2002822731228833,0.16,1.0,0.972,16/79,11.49%,EPHX2;ABCA3;APOA1;ABCA5;NR3C2;PHYH;PEX16;PEX1;PIPOX;BCAR3;PFKM;ACSL5;NR1I2;SOAT2;NUDT12;ABCD2,CD8_naive_Tcm
prerank,KRAS Signaling Up,-0.2710717352906884,-1.1883013012432748,0.11358024691358025,0.1531869970743979,0.922,31/121,16.03%,SPON1;BTBD3;JUP;CBX8;MAP3K1;FCER1G;TRIB2;TOR1AIP2;RBM4;PPP1R15A;STRN;DNMBP;TNFRSF1B;PRELID3B;C3AR1;PECAM1;PSMB8;AKT2;CCND2;KLF4;SCG5;IRF8;TNFAIP3;DOCK2;GYPC;IL7R;ETS1;BIRC3;MMD;EVI5;MTMR10,CD8_naive_Tcm
prerank,Hypoxia,-0.2618368306688233,-1.1828139853812638,0.1259259259259259,0.15516603175166876,0.934,36/137,15.08%,PLAC8;SAP30;KLF6;MAP3K1;CCNG2;CHST2;JUN;EFNA1;PGM2;HK1;ENO1;NOCT;LDHA;PPP1R15A;GPI;MIF;VHL;PRDX5;FOXO3;MAFF;FOS;HSPA5;HDLBP;SLC2A1;FOSL2;SIAH2;TNFAIP3;ATF3;MYH9;SLC6A6;PGK1;NR3C1;ETS1;NDST2;RRAGD;EXT1,CD8_naive_Tcm
prerank,KRAS Signaling Dn,0.27357375036014575,1.1002230087853873,0.2755102040816326,1.0,0.999,22/84,14.44%,PRKN;EDAR;SLC5A5;CACNA1F;C5;CALCB;EFHD1;FGGY;COPZ2;MTHFR;ZBTB16;THNSL2;SIDT1;PLAG1;GPR19;OXT;P2RX6;NRIP2;SELENOP;CDKAL1;PDE6B;ALOX12B,CD8_naive_Tcm
prerank,Wnt-beta Catenin Signaling,-0.30458043186592293,-1.0472908637215188,0.3944954128440367,0.3618537423560924,0.996,13/33,23.77%,NKD1;AXIN2;TP53;HDAC2;MAML1;CCND2;KAT2A;NCSTN;LEF1;TCF7;NCOR2;SKP2;DLL1,CD8_naive_Tcm
prerank,Coagulation,0.26853586875190755,1.0340602873803124,0.4032258064516129,1.0,1.0,11/68,9.49%,CPQ;C2;APOA1;ISCU;LRP1;CAPN2;PDGFB;KLKB1;DUSP6;CRIP2;CTSO,CD8_naive_Tcm
prerank,Myogenesis,0.23720317648474262,1.000636763805246,0.4340659340659341,0.9036968773260554,1.0,26/117,14.78%,SORBS3;NAV2;ADCY9;LARGE1;IGFBP3;CNN3;SVIL;FXYD1;PDLIM7;PTP4A3;TNNC1;KCNH2;PFKM;DENND2B;MYOM1;WWTR1;MAPRE3;ITGA7;SPEG;FHL1;SH3BGR;MYH11;SORBS1;MYO1C;ENO3;PSEN2,CD8_naive_Tcm
prerank,Fatty Acid Metabolism,0.227666051217966,0.9714771277820492,0.5157545605306799,0.8248679686669267,1.0,34/128,22.59%,LTC4S;ACSM3;BLVRA;S100A10;SUCLG2;ENO2;PCBD1;REEP6;ECI1;GPD2;ERP29;ECI2;LGALS1;ACSL5;MCEE;CBR3;AUH;UROS;ALDH3A2;MGLL;ENO3;CA6;BCKDHB;NCAPH2;PRDX6;SDHA;INMT;BPHL;SMS;GCDH;ACADS;IDH1;D2HGDH;CPT2,CD8_naive_Tcm
prerank,Epithelial Mesenchymal Transition,-0.22641611769450393,-0.9563090978836519,0.5427927927927928,0.5720409541099893,1.0,18/96,14.29%,IGFBP2;FBLN2;ITGB1;PMEPA1;JUN;CAPG;FSTL1;COL6A3;FAS;SNTB1;MCM7;WIPF1;CALU;TNFAIP3;IL15;PPIB;GPX7;GADD45A,CD8_naive_Tcm
prerank,UV Response Dn,0.21413658288263643,0.8939518708162575,0.6810344827586207,0.9289807299235577,1.0,23/103,18.95%,MAGI2;ARHGEF9;BMPR1A;PEX14;PRKCA;MT1E;ACVR2A;INPP4B;SFMBT1;ANXA4;CDC42BPA;TGFBR3;CDKN1B;PIAS3;SRI;MGLL;IGF1R;MAP1B;DMAC2L;BCKDHB;PIK3CD;ATRX;PRDM2,CD8_naive_Tcm
prerank,Notch Signaling,0.28943389177600076,0.8793533870177859,0.6361974405850092,0.835926700457236,1.0,6/22,15.11%,ARRB1;PRKCA;PPARD;CUL1;PSEN2;MAML2,CD8_naive_Tcm
prerank,Spermatogenesis,-0.21563307736289447,-0.8760517136369175,0.7276595744680852,0.76115631475211,1.0,21/74,20.15%,EZH2;STRBP;MTOR;TOPBP1;MLLT10;CAMK4;CCNB2;NF2;SCG5;GFI1;PCSK4;PGS1;CHFR;TTK;MAST2;RFC4;COIL;TALDO1;NEFH;BUB1;ARL4A,CD8_naive_Tcm
prerank,Apical Surface,0.24873816844203955,0.8168372314094011,0.7575757575757576,0.8553858150497997,1.0,6/30,12.24%,EPHB4;MAL;FLOT2;AKAP7;GSTM3;TMEM8B,CD8_naive_Tcm
