"pathway","pval","padj","log2err","ES","NES","size","leadingEdge","cell_type","direction"
"ADIPOGENESIS",0.0124499777678968,0.0243281093697899,0.274717458595242,-0.283384038152285,-1.35567828411034,162,"TKT;CHUK;CCNG2;UCP2;UQCR10;PLIN2;COX7B;CYC1;RTN3;MTCH2;UQCRC1;ETFB;COX6A1;MDH2;NDUFS3;ATP1B3;TALDO1;UQCRQ;BCL6;ACAA2;SDHB;SQOR;ACLY;ARAF;IMMT;ESYT1;UBC;SLC5A6;MRPL15;GADD45A;CS;GHITM;PRDX3;COX8A;ECH1;LPCAT3;ABCB8;PPP1R15B;RETSAT;NDUFAB1;SLC1A5;SUCLG1;COQ5;SAMM50;PFKL;PIM3;SDHC;DHCR7;DLD;DGAT1;CAT;DRAM2;TST;ENPP2;BCKDHA;IDH1;SLC19A1;STAT5A;TANK;ESRRA;GPAT4","Tfh","Down with age"
"ALLOGRAFT REJECTION",5.04022788863047e-05,0.000201609115545219,0.557332238758646,-0.360522643681996,-1.71262787990025,153,"CD74;CD7;IRF7;CD3D;GBP2;IL2RG;BCAT1;CXCR3;GZMA;NME1;FLNA;FYB1;CSK;KLRD1;EIF3A;IRF8;LCK;EIF4G3;CD79A;UBE2N;TAP1;CXCL13;IL27RA;CD3G;ITGB2;EIF3J;WAS;IRF4;IL7;PSMB10;ITGAL;JAK2;HLA-DRA;TRAT1;ABI1;F2R;IL12RB1;CDKN2A;HCLS1;TAPBP;HLA-A;STAT1;SIT1;PTPRC;MMP9;ETS1;CD2;IL16;LYN;SRGN;TGFB1;CAPG;B2M;CD28;EIF5A;WARS1;NCK1;AARS1;TAP2;IL2RB;PRF1;ELF4","Tfh","Down with age"
"ANDROGEN RESPONSE",0.0126708902967656,0.0243281093697899,0.235141995561108,-0.343934907853522,-1.47754700591389,81,"ELOVL5;DBI;ZMIZ1;SAT1;SLC38A2;SRP19;UBE2I;STK39;TMEM50A;CAMKK2;VAPA;CENPN;MAP7;PTK2B;HMGCR;ADRM1;SEC24D;B4GALT1;GNAI3;NCOA4;GSR;UAP1;INSIG1;RRP12;HMGCS1;ARID5B;NGLY1","Tfh","Down with age"
"APICAL JUNCTION",8.09126967097942e-05,0.000298754572466933,0.538434096309916,-0.389879780196243,-1.77755459394485,114,"ARPC2;PFN1;ACTB;MSN;CNN2;PIK3R3;EVL;ACTG1;GNAI2;PLCG1;MAP3K20;FYB1;MYH9;MAPK11;RHOF;AKT2;RAC2;VASP;CAP1;TUBG1;CD99;B4GALT1;FSCN1;ZYX;MVD;MYH10;CADM2;ATP1A3;TAOK2;ADAM9;PTPRC;INSIG1;PTEN;MYL12B;ITGA2;MMP9","Tfh","Down with age"
"APOPTOSIS",0.00175423580636043,0.00421016593526502,0.45505986738723,-0.332605317107029,-1.54876028609225,130,"CD38;TOP2A;PMAIP1;WEE1;CASP4;ROCK1;GCH1;PPP2R5B;SAT1;PAK1;TAP1;BCL2L11;SPTAN1;CASP9;ETF1;ATF3;GPX1;EBP;MCL1;PSEN1;TNFSF10;VDAC2;CFLAR;ISG20;F2R;CDKN1A;GSR;CASP2;GADD45A;JUN;BTG3;BIK;DNM1L;CDC25B;RETSAT;DNAJA1;CD2;SMAD7;GNA15;IRF1;NEDD9;PSEN2;CASP3;NEFH;BAX;LGALS3;CD69;PRF1;RARA;DDIT3;DNAJC3;DFFA;RELA;PLCB2;BID;CYLD","Tfh","Down with age"
"CHOLESTEROL HOMEOSTASIS",0.000367389515382589,0.00125962119559745,0.49849310876659,-0.449606573365442,-1.81536692857701,60,"ETHE1;ACTG1;SQLE;PLSCR1;CPEB2;CHKA;ANXA5;ATF3;HMGCR;LDLR;EBP;STX5;TRIB3;MVD;S100A11;FBXO6;ACAT2;CYP51A1;FASN;FABP5;ECH1;HMGCS1;TP53INP1;ATF5;SCD;FDPS;DHCR7;IDI1;LGALS3;PMVK;MVK;NSDHL;PCYT2;FDFT1;FADS2;CTNNB1","Tfh","Down with age"
"COMPLEMENT",4.73575697943973e-05,0.000201609115545219,0.557332238758646,-0.370774526046981,-1.7305878132114,135,"PFN1;LAP3;PPP4C;CPM;IRF7;RHOG;RABIF;GNAI2;GNB4;CTSD;CASP4;GZMA;LCK;PLSCR1;PDP1;GNG2;CTSB;DUSP5;ANXA5;CD59;CTSC;WAS;CASP9;PRKCD;PREP;PSEN1;JAK2;GNAI3;EHD1;GNB2;MSRB1;RCE1;PIK3CG;GZMK;ADAM9;HSPA5;SIRT6;VCPIP1;GRB2;FDX1;CALM1;GNGT2;USP15;DUSP6;LYN;CALM3;TNFAIP3;IRF1;HSPA1A;MAFF;PSMB9;RNF4;CASP3","Tfh","Down with age"
"DNA REPAIR",0.0126528890763391,0.0243281093697899,0.265216893779997,-0.296742136055089,-1.39487985545453,143,"ELOA;ADA;NME1;HPRT1;POLR2G;TAF13;NT5C;ARL6IP1;ALYREF;ADRM1;PNP;CMPK2;FEN1;MPC2;CANT1;PDE6G;POLB;HCLS1;SEC61A1;NELFB;SRSF6;ELL;GTF3C5;TYMS;ITPA;PCNA;NT5C3A;BRF2;RBX1;ERCC2;POM121;GUK1;POLR2J;POLR2A;NELFCD;DDB1;DGCR8;RALA;VPS28;POLR1D;POLE4;SUPT5H;POLR2K;RAD51;RFC5;SUPT4H1;POLR2F;SNAPC4;MPG;TP53;NUDT21;ZWINT;DCTN4;TAF12;SAC3D1;GTF2A2;TARBP2;POLR2I;CETN2;ZNF707","Tfh","Down with age"
"E2F TARGETS",5.02922084996619e-09,3.01753250997971e-08,0.761460801445585,-0.429177167211276,-2.08670971068726,180,"SMC4;JPT1;TOP2A;HMGA1;BARD1;LMNB1;HMGB3;CENPE;EZH2;CKS2;WEE1;KPNA2;PPM1D;CTPS1;NME1;UBE2S;SNRPB;MKI67;NASP;SMC6;ING3;UBR7;PLK4;LBR;RACGAP1;HELLS;POP7;TUBG1;CHEK1;TUBB;SYNCRIP;AURKA;CDKN1A;CDKN2A;KIF22;GSPT1;DONSON;ORC6;DEK;CCNE1;BRCA2;PCNA;ASF1B;DCTPP1;GINS3;MTHFD2;PPP1R8;TACC3;SMC1A;CDC25B;RAN;SLBP;H2AX;SHMT1;CDCA8;NCAPD2;HMMR;H2AZ1;BIRC5;RNASEH2A;LYAR;BUB1B;NOLC1;HNRNPD;IPO7;TFRC;UBE2T;SMC3","Tfh","Down with age"
"ESTROGEN RESPONSE LATE",0.00239056060611644,0.00546413852826614,0.431707695803346,-0.34663985447264,-1.567013665143,110,"TOP2A;ELOVL5;RBBP8;SLC16A1;IDH2;IGFBP4;FLNB;ITPK1;DUSP2;ID2;KCNK5;ETFB;HPRT1;JAK1;ATP2B4;EEIG1;SIAH2;PLK4;COX6C;SLC1A4;JAK2;FKBP4;CLIC3;ISG20;MYB;PPIF;GLA;BTG3;FABP5;ZFP36;NHERF1;SLC7A5;RNASEH2A;SLC27A2;RABEP1;GALE;SLC29A1;NMU;MDK;DHCR7","Tfh","Down with age"
"G2M CHECKPOINT",5.44942855563621e-16,1.30786285335269e-14,1.02766987054358,-0.534588091296622,-2.58808244252107,172,"SMC4;RAD23B;JPT1;TOP2A;HMGA1;BARD1;LMNB1;KIF11;HMGB3;CENPE;DR1;EZH2;CKS2;H2BC12;NUSAP1;KPNA2;KNL1;FBXO5;MAP3K20;UBE2S;TPX2;MKI67;KIF20B;SQLE;NSD2;CUL3;TOP1;KIF5B;MT2A;NASP;PRC1;CHMP1A;INCENP;PLK4;SMAD3;LBR;H2AZ2;RACGAP1;HSPA8;CHEK1;CENPF;ODF2;UCK2;PML;SYNCRIP;AURKA;KIF22;TLE3;GSPT1;MTF2;KIF15;SAP30;ORC6;CUL4A;KIF23;BRCA2;SNRPD1;KPNB1;SMARCC1;TACC3;SMC1A;CHAF1A;DBF4;CDC25B;PAFAH1B1;UBE2C;H2AX;KMT5A;ATF5;SLC7A5;HMMR;H2AZ1;BIRC5;TGFB1;HIRA;NOLC1;HNRNPD;SS18;E2F1;CDC7;SLC12A2;NDC80","Tfh","Down with age"
"GLYCOLYSIS",0.026848409748038,0.0477305062187342,0.179054499269993,-0.281969098870758,-1.32334624139755,140,"TXN;PGK1;PSMC4;PYGB;RBCK1;PGAM1;MDH2;CLN6;NASP;LDHA;PGLS;TALDO1;FUT8;PGM2;NANP;PLOD1;PPIA;B4GALT1;FKBP4;TPI1;ISG20;AURKA;CHST2;CHPF;MED24;B3GALT6;ALG1;HSPA5;MIF;SAP30;ALDH9A1;BIK;PKM;ENO1;G6PD;HDLBP;CITED2","Tfh","Down with age"
"HEME METABOLISM",0.000973151321943151,0.00291945396582945,0.477270815362862,-0.331792788130057,-1.57102925454713,148,"ACP5;UCP2;BMP2K;HDGF;PPP2R5B;GYPC;TMEM9B;TOP1;SLC30A1;OPTN;GLRX5;PGLS;PSMD9;CTSB;NNT;BSG;EPB41;CTNS;MARCHF2;TSPAN5;SEC14L1;GDE1;NCOA4;TMCC2;NARF;FBXO34;BLVRA;ISCA1;AGPAT4;UBAC1;TENT5C;AQP3;LRP10;SLC10A3;USP15;YPEL5;KLF3;PPOX;DAAM1;SLC66A2;GAPVD1;RNF123;SYNJ1;RNF19A;MARK3;MAP2K3;BPGM;DCAF11;SLC2A1;RANBP10;FECH;HTRA2;RBM5;TFRC;KDM7A;LPIN2;CAT","Tfh","Down with age"
"IL6 JAK STAT3 SIGNALING",0.00118823273596664,0.00335501007802345,0.45505986738723,-0.432820906051358,-1.7133049987895,55,"CD38;ITGA4;PTPN2;IL2RG;BAK1;PTPN11;MAP3K8;CXCL13;MYD88;TYK2;IRF9;STAT2;IL7;IL12RB1;GRB2;STAT1;JUN","Tfh","Down with age"
"INTERFERON ALPHA RESPONSE",1.01313577550026e-12,9.72610344480249e-12,0.910119734774459,-0.601670771039045,-2.63389909673717,91,"LAP3;CD74;IRF7;PSME2;OASL;UBE2L6;GBP2;ISG15;GBP4;LGALS3BP;IFITM1;EPSTI1;IFI27;PARP12;NMI;PSMB8;PLSCR1;TAP1;PSME1;PARP9;SAMD9L;TRIM25;OAS1;HELZ2;USP18;MX1;ADAR;IRF9;RTP4;STAT2;IL7;LAMP3;ISG20;TRIM21;CMPK2;CNP;PARP14;IFI44L;SAMD9;MOV10;IFI35;OGFR;TRIM26;LY6E;SP110;IRF1;EIF2AK2;PSMB9;B2M;PSMA3;WARS1;NCOA7;IFITM2;IFIT3","Tfh","Down with age"
"INTERFERON GAMMA RESPONSE",8.63705101897499e-19,4.14578448910799e-17,1.12391496374483,-0.563802833894498,-2.72951874387404,172,"CD38;AUTS2;PSMB2;LAP3;CD74;IRF7;PSME2;OASL;UBE2L6;PTPN2;ISG15;GBP4;CASP4;LGALS3BP;RBCK1;GCH1;GZMA;RNF213;EPSTI1;IFI27;PARP12;IRF8;NMI;PSMB8;PSMA2;MT2A;PLSCR1;TAP1;MVP;PSME1;MYD88;SAMD9L;TRIM25;NAMPT;HELZ2;USP18;MX1;OAS2;IRF4;ADAR;IRF9;RTP4;STAT2;TNFSF10;IL7;PSMB10;PNP;JAK2;XAF1;PML;ISG20;TRIM21;CMPK2;CDKN1A;ITGB7;TAPBP;PARP14;IFI44L;NLRC5;CIITA;APOL6;HLA-A;STAT1;SAMHD1;MTHFD2;IFIT1;ARID5B;IFI35;OAS3;OGFR;VAMP8;TRIM26;LY6E;TOR1B;TNFAIP3;SP110;IRF1;EIF2AK2;CD274;BPGM;PSMB9;B2M;RIGI;CASP3;PSMA3;WARS1;NUP93;IFITM2;IFIT3;CD69;EIF4E3;IL2RB;ZNFX1;IL10RA;RSAD2;PNPT1;IRF5;HLA-B;IFI44;GPR18;BST2;PFKP;VAMP5","Tfh","Down with age"
"MITOTIC SPINDLE",2.06671034720449e-10,1.65336827776359e-09,0.826657301178302,-0.456162728512312,-2.19998769434052,168,"SMC4;CAPZB;TOP2A;LMNB1;KIF11;CENPE;PPP4R2;PCNT;SPTBN1;SEPTIN9;FLNB;EZR;NUSAP1;ROCK1;FBXO5;TPX2;FLNA;MYH9;KIF20B;RHOF;KIF5B;PRC1;BCL2L11;SPTAN1;ECT2;INCENP;NET1;CD2AP;RANBP9;PREX1;RACGAP1;EPB41;MYO1E;AKAP13;ATG4B;CENPF;PALLD;FSCN1;MARK4;ABI1;AURKA;MYH10;ARHGDIA;CKAP5;KIF22;TBCD;KIF15;TAOK2;MAPRE1;ARF6;STK38L;TLK1;BIN1;KIF23;CSNK1D;BRCA2;MYO9B;BCR;MAP1S;CDC42;SMC1A;PAFAH1B1;ARHGAP4;KATNB1;ARHGEF7;NF1;STAU1;BIRC5;WASF2;NEDD9;KPTN;NCK1;CLIP1;TUBA4A;SMC3;NDC80;YWHAE","Tfh","Down with age"
"MTORC1 SIGNALING",2.32567315125889e-13,2.79080778151067e-12,0.932595211336209,-0.481847999877897,-2.35699898162537,189,"GAPDH;ELOVL5;PIK3R3;PSMA4;ACTR2;PGK1;PSMC4;BCAT1;PSMD13;SHMT2;HPRT1;TBK1;SQLE;ATP6V1D;NFKBIB;SLC6A6;LDHA;CCT6A;NFYC;PSME3;DAPP1;SEC11A;CORO1A;ITGB2;SDF2L1;NAMPT;CTSC;IFRD1;ETF1;HMGCR;LDLR;TXNRD1;EBP;RIT1;TUBG1;SLC1A4;ACLY;RPN1;GPI;IMMT;PPIA;PNP;TRIB3;TPI1;CACYBP;ATP2A2;PPP1R15A;CALR;AURKA;ARPC5L;SLC2A3;CDKN1A;YKT6;GSR;PSMD14;HSPA5;CYP51A1;PITPNB;NUFIP1;GLA;ACTR3;INSIG1;MTHFD2;PSAT1;GSK3B;NHERF1;ENO1;HMGCS1;G6PD;PSMC2;COPS5;SCD;SLC7A5;EEF1E1;PSMC6;GOT1;MAP2K3;SLC1A5;SLC2A1;PSMA3;WARS1;PFKL;PRDX1;TFRC;TUBA4A;DHCR7;IDI1;PHGDH;PNO1;CYB5B;STIP1;DDIT3;MCM4;IDH1;BUB1;HSPA4","Tfh","Down with age"
"MYC TARGETS V1",2.4365473203138e-09,1.67077530535804e-08,0.774939030136436,-0.416649640850997,-2.05289186326807,197,"YWHAQ;PPM1G;COX5A;PSMD8;RAD23B;PSMB2;SERBP1;STARD7;EIF4A1;VDAC1;PSMA4;UBE2L3;PSMB3;PGK1;PSMC4;KPNA2;HDGF;CYC1;SET;CTPS1;NME1;CCT2;PSMA7;HPRT1;SRPK1;PSMA2;LDHA;EIF4G2;EIF3B;EIF3J;IFRD1;ETF1;HDDC2;CCT5;POLE3;PPIA;PSMA6;CCT3;TXNL4A;PSMD3;SNRPG;SYNCRIP;TRIM28;RNPS1;GSPT1;PSMD14;RUVBL2;HNRNPR;DEK;TYMS;PRDX3;PCNA;SNRPD1;KPNB1;PSMD1;NOP16;SMARCC1;TUFM;PWP1;PCBP1;LSM2;RAN;SRSF3;DDX21;ERH;PRPF31;FAM120A;COPS5;SNRPB2;AIMP2;RRM1;CCT7;LSM7;H2AZ1;PSMC6;CCT4;NDUFAB1","Tfh","Down with age"
"NOTCH SIGNALING",0.0206714073094096,0.0381625981096793,0.128489714653408,0.551060621690025,1.6039895843864,21,"PRKCA;ARRB1;TCF7L2;MAML2;CUL1;PPARD;DLL1","Tfh","Up with age"
"OXIDATIVE PHOSPHORYLATION",1.93357577954571e-13,2.79080778151067e-12,0.943632225232838,-0.473745108866794,-2.3343003731558,198,"SLC25A5;ATP5F1C;COX5A;ATP5F1E;ATP5F1B;VDAC1;ATP5MF;IDH2;TIMM8B;OGDH;UQCR10;NDUFB6;ATP6V0B;COX7B;ATP5MC3;CYC1;NDUFS6;CPT1A;NDUFA6;NDUFC2;ETFA;ATP6V1F;UQCRC1;ETFB;COX6A1;MDH2;NDUFA9;ATP6V1D;NDUFS3;COX6B1;UQCRH;LDHA;PDP1;NNT;SLC25A20;MFN2;COX10;NDUFA2;ATP5PF;UQCRQ;UQCRC2;MRPS15;ACAA2;SDHB;COX6C;ALAS1;NDUFA7;MRPS11;VDAC2;GPI;IMMT;ATP5PB;PDHB;NDUFB2;TIMM13;HSD17B10;BDH2;NDUFS7;HADHB;NDUFB3;ISCA1;MRPL15;CS;FDX1;PRDX3;COX8A;ECH1;NDUFA1;MRPS12;CYCS;UQCRFS1;RETSAT;COX5B;ECI1;ATP5ME;IDH3B;NDUFAB1;TOMM22;SUCLG1;SDHC;TIMM50;HTRA2;SLC25A6;BAX;NQO2;DLD;NDUFS8;COX7A2;SLC25A3;CYB5A;ATP6V0C;BCKDHA;POLR2F;IDH1;DLST;ACADVL;MRPS22;TIMM17A;AFG3L2;TCIRG1;NDUFB5;NDUFA3;SDHD;NDUFA8;MDH1;DECR1;ATP6V1H","Tfh","Down with age"
"P53 PATHWAY",0.00503433537846349,0.0109840044621022,0.407017918923954,-0.298727923084076,-1.42908175359136,162,"MXD4;ADA;IP6K2;CTSD;BAK1;PPM1D;S100A10;SAT1;DEF6;SLC35D1;RCHY1;TAP1;IRAG2;PVT1;H2AJ;SERTAD3;TRAF4;MKNK2;ATF3;RAP2B;H2AC25;RALGDS;NUDT15;VDR;NOTCH1;TRIB3;PPP1R15A;F2R;PTPN14;CDKN1A;CDKN2A;SEC61A1;GADD45A;JUN;WRAP73;PCNA;POM121;RETSAT;VAMP8;PRMT2;SLC3A2;RAB40C;TGFB1;PTPRE;TPRKB;VWA5A;RGS16;BAX;PLK3;CCNK;HEXIM1;CD81;FBXW7;TAX1BP3;DDIT3;MXD1;TP53;SP1;H1-2;HBEGF;NOL8;CCP110;SLC19A2","Tfh","Down with age"
"PI3K AKT MTOR SIGNALING",5.9062729806729e-07,3.15001225635888e-06,0.659444398037935,-0.482537459266152,-2.11237613538732,91,"PFN1;ARPC3;CFL1;YWHAB;PIK3R3;PPP1CA;ACTR2;AP2M1;IL2RG;PLCG1;PTPN11;RAC1;TBK1;LCK;NFKBIB;UBE2N;MYD88;DAPP1;PRKAG1;CLTC;MKNK2;RIT1;STAT2;CSNK2B;TRIB3;CALR;ARF1;PIN1;ARHGDIA;CDKN1A;GRB2;ACTR3;PTEN;GSK3B;RPS6KA1;MAPK1","Tfh","Down with age"
"TGF BETA SIGNALING",0.00131637337689974,0.00351032900506598,0.45505986738723,-0.467629609165646,-1.78961317819248,46,"RHOA;PPP1CA;SPTBN1;KLF10;ID2;FURIN;FKBP1A;SKIL;SMAD3;ID1;JUNB;HDAC1;SMAD1;PPP1R15A;ENG;ID3","Tfh","Down with age"
"TNFA SIGNALING VIA NFKB",6.38100354990908e-06,3.06288170395636e-05,0.610526878385931,-0.391059784697145,-1.8538215746323,151,"SPSB1;ATP2B1;KLF10;DUSP2;ID2;GCH1;NFAT5;SAT1;SIK1;GEM;TAP1;MAP3K8;DUSP5;RELB;SMAD3;BCL6;NAMPT;ATF3;LDLR;PTGER4;JUNB;MCL1;TRIB1;REL;NFKB2;B4GALT1;CFLAR;NR4A3;PPP1R15A;EHD1;SLC2A3;CDKN1A;DUSP4;NR4A2;GADD45A;TIPARP;JUN;BTG3;PANX1;ZFP36;TNIP1;FOSL2;TNFAIP3;IRF1;MAP2K3;PTPRE;MAFF;ETS2;RIGI;BCL2A1;NR4A1;PLEK;SERPINB8;CD69;FOSL1;MXD1;RELA;STAT5A;HBEGF;SLC2A6;IL6ST;TANK;KDM6B;YRDC;FOS;IER5;IER2;RNF19B;RHOB","Tfh","Down with age"
"UV RESPONSE UP",0.00155170393230263,0.00392009414476454,0.45505986738723,-0.344135145870827,-1.57272342301407,116,"BAK1;CLTB;GCH1;FURIN;AP2S1;ATP6V1F;TAP1;CHKA;BCL2L11;NAT1;BSG;TARS1;STARD3;ATF3;PRKCD;CDC34;JUNB;ALAS1;POLE3;RAB27A;RPN1;FKBP4;FEN1;PPIF;YKT6;NUP58;NXF1;CNP;AQP3;CCNE1;HSPA13;BTG3;CEBPG;PRKACA;CDC5L;DDX21;MARK2;H2AX;DNAJA1;PSMC3;LYN;IRF1;CASP3;NR4A1;TFRC;TUBA4A;DGAT1;CYB5B;TST;STIP1;KLHDC3;WIZ;ARRB2;BID;IL6ST;PPP1R2","Tfh","Down with age"
"XENOBIOTIC METABOLISM",0.000592894330514267,0.00189726185764565,0.477270815362862,-0.370980409007426,-1.68024174521037,111,"ELOVL5;IGFBP4;MAN1A1;BCAT1;SHMT2;ID2;GCH1;HPRT1;IRF8;HES6;MT2A;SLC35D1;SLC6A6;GCNT2;SAR1B;ALAS1;PSMB10;ATP2A2;AHCY;ASL;DDAH2;GSR;NPC1;PYCR1;SERTAD1;ECH1;ALDH9A1;ADH5;ACP2;RETSAT;PGD;SLC1A5;ETS2;PTS;NQO1;LPIN2;CAT;TKFC;CROT;ARPP19;MTHFD1;CYB5A;UGDH;IDH1;SLC35B1","Tfh","Down with age"
