"baseMean","log2FoldChange","lfcSE","stat","pvalue","padj","gene","cell_type"
22.811711172183,-0.143928856032347,0.0301003015145032,-4.78164167103101,1.73869402825855e-06,0.00046676031504068,"CCR7","CD4 cytoT"
279.956061558414,-0.0670372017963644,0.0163510256707265,-4.09987747229718,4.13368933719293e-05,0.00390617107607383,"LTB","CD4 cytoT"
879.161051501555,0.129943878549287,0.033893837172208,3.83384973170984,0.000126153224930913,0.00805471293450781,"GNLY","CD4 cytoT"
65.5538195153146,-0.0689245262073636,0.0181207875558977,-3.80361648160988,0.000142598894543212,0.00877280282471051,"ICOS","CD4 cytoT"
52.2012619909884,-0.0767172615406701,0.0212938109379731,-3.60279621924608,0.000314812326897534,0.0148149928498553,"CTLA4","CD4 cytoT"
938.612259455463,0.054964955768425,0.0159078107536769,3.45521810760294,0.000549847827367893,0.0204883360784528,"NKG7","CD4 cytoT"
409.650288571196,-0.0788087133212472,0.0235010741948912,-3.35340898325316,0.000798226619209516,0.0264107922299798,"GZMK","CD4 cytoT"
32.4353780511974,-0.0758274983477875,0.023566027408813,-3.21766146802622,0.00129240259238482,0.0346951350482944,"MX1","CD4 cytoT"
5.0999590852001,-0.0872011882225608,0.0280234709024488,-3.11171976255593,0.00186000974259878,0.0430792844697585,"TOP2A","CD4 cytoT"
81.930796853407,0.0990991722833935,0.0327381697794205,3.02702237025137,0.00246975680120275,0.0509909212624445,"GZMB","CD4 cytoT"
71.0428539913464,-0.0402258569038205,0.0139228398471367,-2.88919913936187,0.00386224397962773,0.0640418491646952,"TCF7","CD4 cytoT"
89.2833210187675,-0.0523463334743988,0.0193015817601085,-2.7120229898767,0.00668739545413656,0.0876709379625538,"SELL","CD4 cytoT"
125.167096126751,0.0395164988604737,0.0148150186130814,2.66732698031046,0.00764572452854789,0.0952115201653915,"PRF1","CD4 cytoT"
23.0714181650612,-0.0455498638112719,0.0176005330600444,-2.58798206030909,0.00965400083664525,0.107476963131436,"PDCD1","CD4 cytoT"
7.78526076919806,-0.109065497077027,0.0506371010889548,-2.15386534243796,0.0312507335794168,0.208882894881875,"MKI67","CD4 cytoT"
5.79930017154954,0.0433029401047694,0.0202151588025821,2.14210239591282,0.0321852431569836,0.212078429156604,"BCL6","CD4 cytoT"
66.8153013813128,-0.0401098367683941,0.019161985374012,-2.09319838135311,0.0363314491897746,0.227847582246781,"ISG15","CD4 cytoT"
9.1010986995704,-0.0697553601697781,0.0359863912390806,-1.93838164283683,0.0525766783598543,0.275526053587666,"IKZF2","CD4 cytoT"
6.15311544510855,0.0388270670001157,0.0344645363080488,1.12658028104815,0.259919980160315,0.603533478603036,"IFIT3","CD4 cytoT"
436.483120060674,0.0177994168034758,0.0178214904813446,0.998761401135781,0.317910288405804,0.657300249719824,"IL7R","CD4 cytoT"
2.49299340876075,0.0421891001965998,0.0498801639122633,0.845809173177704,0.397659207291146,0.727409115033905,"IL2RA","CD4 cytoT"
2.44596177072011,0.00679109939030029,0.046100372214758,0.147311161798522,0.88288642275334,0.965214071890543,"IFIT1","CD4 cytoT"
670.481647460241,-0.102604843254246,0.00985153980056803,-10.4151072148468,2.11559074194077e-25,4.47286473059674e-23,"IKZF2","CD4 naive/Tcm"
81.348619748272,0.0938431396823646,0.0116740040212972,8.03864205555898,9.0839508169372e-16,5.28731095617244e-14,"IL2RA","CD4 naive/Tcm"
19608.8274364721,-0.0231815365940907,0.00437249773603596,-5.30166920454639,1.14748624562362e-07,1.45310904711101e-06,"SELL","CD4 naive/Tcm"
1761.17513771241,-0.0454467248718142,0.00941651928660503,-4.82627640729862,1.3910940839194e-06,1.32119975714435e-05,"ISG15","CD4 naive/Tcm"
35.2789121822626,0.0363458928063942,0.00834692177993962,4.35440678188039,1.33427742234787e-05,9.81210969455136e-05,"CXCR5","CD4 naive/Tcm"
373.600780079443,0.0337126245331489,0.00807084407140216,4.17708782810023,2.95265038778096e-05,0.000197068802643965,"CTLA4","CD4 naive/Tcm"
23.2922011349423,0.0303534368450202,0.0094889290752211,3.19882640120934,0.00137988232156536,0.00549389350573053,"FOXP3","CD4 naive/Tcm"
31437.0589302461,-0.0181986988539468,0.0057943618792839,-3.14075979945455,0.00168510175453757,0.00651240099890925,"IL7R","CD4 naive/Tcm"
1363.07708385762,-0.0309905372646663,0.00989121150710722,-3.13313866985843,0.0017294771282715,0.00665876081195744,"MX1","CD4 naive/Tcm"
121.595697623758,-0.0382980897627872,0.0131276573240083,-2.91735903958633,0.00353009167332314,0.0121507367081593,"IFIT1","CD4 naive/Tcm"
10146.9924332633,-0.0151696452941409,0.00541352584276136,-2.8021747258166,0.00507593742128134,0.016458435917224,"CCR7","CD4 naive/Tcm"
28.8906514771737,-0.0454323699076743,0.0164212089585635,-2.76668849548874,0.00566288367468942,0.0179981618229385,"MKI67","CD4 naive/Tcm"
152.458803983077,-0.0499101485537244,0.0190441939207297,-2.62075406086875,0.00877355299589085,0.0259432014781199,"IFIT3","CD4 naive/Tcm"
16906.6688151453,-0.00646983763479749,0.002615607571503,-2.47355058353793,0.0133777864491574,0.0369408467096197,"TCF7","CD4 naive/Tcm"
147.785433133075,-0.0269527283915981,0.0133790988697637,-2.01453989195866,0.0439528809952473,0.0974609539715635,"GZMK","CD4 naive/Tcm"
37.3955578795342,-0.0129475962262461,0.00985740277842265,-1.313489619658,0.189018016453197,0.311553526855863,"TOP2A","CD4 naive/Tcm"
257.05630957312,0.0129793038205653,0.010064531616147,1.28960833107643,0.197186681666712,0.3217413090428,"GNLY","CD4 naive/Tcm"
95.5863958803724,-0.00829468382591757,0.0079315096293379,-1.04578878593759,0.295658559778007,0.434551507196766,"BCL6","CD4 naive/Tcm"
23.1292183279913,-0.0125829520189332,0.0126462459811296,-0.994995039453543,0.319738676973952,0.460957382583779,"PDCD1","CD4 naive/Tcm"
2817.96798183444,-0.00391069183658908,0.00565864060159878,-0.691100939593895,0.489502109867891,0.625126750642791,"ICOS","CD4 naive/Tcm"
159.281035373632,-0.00530657603881037,0.0092069768912078,-0.576364652753487,0.564368731096659,0.688721763508445,"NKG7","CD4 naive/Tcm"
34151.1583753485,-0.0012138611314785,0.00332381803946614,-0.365200837430158,0.714961493225399,0.807309648480624,"LTB","CD4 naive/Tcm"
46.9681905741019,-0.00368913438162673,0.0101112453965953,-0.364854598709369,0.715219946392862,0.807460861181006,"GZMB","CD4 naive/Tcm"
106.738983439404,-0.00184888071715164,0.00942770182927401,-0.196111496803035,0.84452289784025,0.899902206962349,"PRF1","CD4 naive/Tcm"
77.0719298393969,-0.0829976398120229,0.0109971067371929,-7.54722508342304,4.44629785804788e-14,2.23783518558537e-12,"PDCD1","CD4 Tem"
921.888319359111,-0.0454534120164805,0.00672299865083599,-6.76088370340942,1.37152585244059e-11,4.37229805819304e-10,"ICOS","CD4 Tem"
30.0744132344318,-0.0676782352593831,0.0115182008595637,-5.8757644604877,4.20896431493618e-09,8.18579488369731e-08,"TOP2A","CD4 Tem"
696.336945719109,-0.0604584748758544,0.0108776822710883,-5.55802912505969,2.72837866050101e-08,4.52703708014598e-07,"ISG15","CD4 Tem"
61.756588326349,-0.0866370269772203,0.0160448274664262,-5.39968579646668,6.67577139734042e-08,9.98899884129974e-07,"IFIT3","CD4 Tem"
3.72259196649183,-0.154570166566,0.0289445513252535,-5.34021636159,9.28357187952642e-08,1.353738765119e-06,"IL21","CD4 Tem"
11698.6574484616,0.023866988034622,0.00533007420630662,4.47779657671223,7.54174135551172e-06,6.89762016374968e-05,"IL7R","CD4 Tem"
211.81993461139,-0.0289289209448719,0.00726277664028617,-3.98317645959328,6.80002259472201e-05,0.00048203830676798,"CTLA4","CD4 Tem"
2096.18598755708,-0.0242202867839294,0.00610639018761117,-3.96638374551764,7.29713425137985e-05,0.000513344271373323,"SELL","CD4 Tem"
384.47644437933,-0.0450754785824101,0.0113860065448451,-3.95884882068838,7.53118871633534e-05,0.000527786976327484,"MX1","CD4 Tem"
18.6287303767856,-0.081281493811768,0.0230241082410487,-3.53027760992084,0.000415123841895317,0.00230133240655518,"MKI67","CD4 Tem"
27.9038600486312,-0.0576564656130689,0.0168571625066699,-3.4202948206886,0.000625533031739818,0.00328054250842016,"IFIT1","CD4 Tem"
80.7312940025256,-0.0406066056320268,0.012237034624697,-3.31833707081892,0.000905551347910028,0.00448964248878736,"IKZF2","CD4 Tem"
867.585686310236,0.0448136974703477,0.01938300284978,2.31201005425516,0.0207771292513002,0.0599213995024909,"GNLY","CD4 Tem"
9.53155050377242,-0.0256257093933421,0.0136102188287745,-1.88282860957126,0.0597235985447762,0.138212240243861,"CXCR5","CD4 Tem"
46.2023999078947,0.0165168564802835,0.00913264556563971,1.8085511324808,0.07052076622509,0.15698691947896,"BCL6","CD4 Tem"
491.584775812535,0.0121013302275526,0.00813386393939466,1.4877714106997,0.136811187696388,0.260315845623703,"CCR7","CD4 Tem"
14.7357982796906,0.0133604804025107,0.0109810039071114,1.21669025123088,0.223722089612387,0.372065673471363,"FOXP3","CD4 Tem"
2176.39963965696,0.00256448860296023,0.00329337676962968,0.778680601202088,0.436167886105595,0.592295451504456,"TCF7","CD4 Tem"
12.4595987508637,-0.00969987827484007,0.0129440755330341,-0.749368176204268,0.453635326494337,0.608351161707263,"GZMB","CD4 Tem"
275.639432631911,-0.005505989824693,0.00786716361223712,-0.699869749261171,0.484008650765302,0.635666126271863,"IL2RA","CD4 Tem"
248.334974536839,0.00696757406996157,0.0122564201291306,0.568483618915877,0.569706625691982,0.706454931022707,"NKG7","CD4 Tem"
734.727285671633,0.00173628630981371,0.011338751745711,0.15312852320543,0.878296922866615,0.926957699318395,"GZMK","CD4 Tem"
119.844699241949,-0.000973356807681661,0.0105991675528279,-0.0918333258560446,0.926830465723126,0.956795139610386,"PRF1","CD4 Tem"
13411.7339169433,-0.000127793742311954,0.00429251332061291,-0.0297713094327001,0.976249440376257,0.985298957394257,"LTB","CD4 Tem"
52.1142850212272,0.0997909198778662,0.0101890918823883,9.79389733940405,1.19595145050841e-22,2.5651346565753e-20,"IL2RA","Tfh"
55.7107521417041,-0.0830453404486088,0.0116718076101946,-7.11503678111296,1.11882995023527e-12,6.65468772081113e-11,"PDCD1","Tfh"
7.23881054725796,-0.119068412254294,0.0184676428079463,-6.44740714841318,1.13779833529454e-10,4.75123104260459e-09,"IL21","Tfh"
33.859014979667,-0.0882389161987219,0.0137799700311675,-6.40341858502911,1.51935890986724e-10,6.18047262301166e-09,"IKZF2","Tfh"
21.2863008681587,-0.0732091751257126,0.011491506588134,-6.37072037197518,1.88142393706232e-10,7.43950761258496e-09,"TOP2A","Tfh"
798.190002418188,-0.0371989671441893,0.00655667664291707,-5.67344848161361,1.39951202713345e-08,3.54409521576049e-07,"ICOS","Tfh"
325.88539029071,-0.0620788057024296,0.0114113240356503,-5.44010541708292,5.324905327126e-08,1.17048695358378e-06,"ISG15","Tfh"
12.6597951581229,-0.125510452334093,0.0288380570350784,-4.35225064509106,1.34747086902821e-05,0.000157382818663064,"MKI67","Tfh"
21.264418650031,-0.0379096857063769,0.0107926122356219,-3.5125588577391,0.000443813691503505,0.00298320352180608,"BCL6","Tfh"
240.848155501741,-0.0362768377230576,0.0110314178848063,-3.28850181380783,0.00100722135478819,0.00588939508400729,"MX1","Tfh"
4015.37063003294,0.0156454359723366,0.00563469621354765,2.77662457378268,0.00549265820591339,0.0236119251633495,"IL7R","Tfh"
92.3627081647013,-0.0415714594309179,0.0160482908533975,-2.59039793151039,0.00958650453108698,0.0368648859542016,"GZMK","Tfh"
5.06334203391224,0.0408113373240484,0.0158272310097416,2.57855194625827,0.00992153811987538,0.0378671592410234,"GZMB","Tfh"
16.5000753509358,-0.0501143490227458,0.0216880533950984,-2.31068912040173,0.0208500326118331,0.0670345359193978,"IFIT1","Tfh"
169.309299514123,-0.0159498761762366,0.00727213747448217,-2.19328584370201,0.0282867909368973,0.0846391487006379,"CTLA4","Tfh"
6.00595152906626,0.0299443982677932,0.017148927963512,1.74613820359537,0.0807869397383288,0.187263782370359,"FOXP3","Tfh"
24.2167693352347,-0.0358994925509901,0.0217991155081547,-1.64683253031806,0.0995924729456865,0.217398773634408,"IFIT3","Tfh"
23.4388301414227,-0.0196227509474091,0.0120742317466383,-1.62517594155607,0.104125075171919,0.224488968037418,"PRF1","Tfh"
107.31238241037,-0.0129490466349544,0.00855341932055696,-1.5139029374876,0.130050459003547,0.262886519727862,"CXCR5","Tfh"
1955.90449174581,-0.00320530231586679,0.0026189086167437,-1.22390765961594,0.220987063788845,0.382058240717499,"TCF7","Tfh"
6412.65388560112,-0.00361333652287086,0.00325547435600022,-1.10992627424973,0.267030797414702,0.435795246507093,"LTB","Tfh"
18.2687085196521,-0.00798553867174027,0.0108974426410451,-0.732790154055304,0.463686427404481,0.630614160232173,"NKG7","Tfh"
1760.02960634022,-0.00360554172493544,0.00520876271256483,-0.692206945084671,0.488807377854197,0.65130956412565,"SELL","Tfh"
654.467752541517,0.000762854482765931,0.00585590126330124,0.130271063063634,0.8963519732798,0.940186613348314,"CCR7","Tfh"
27.8100413687856,0.00120598938884137,0.0122789709786664,0.098215835100243,0.921760908665721,0.955470383035566,"GNLY","Tfh"
548.531736362113,-0.0366873680022629,0.00518001592756744,-7.08248169798417,1.41595467511387e-12,8.19573765341335e-11,"CCR7","Treg"
860.832529709346,-0.0221962257329742,0.00385117117011837,-5.76350018020415,8.23871651812652e-09,2.23739299478347e-07,"TCF7","Treg"
1670.24575598821,-0.023183181436017,0.00447697701339264,-5.1783114737167,2.23903182788784e-07,4.58548347360538e-06,"SELL","Treg"
2848.95387583784,-0.0168753125116178,0.00337708066506189,-4.99701197137632,5.82254552581903e-07,1.07481043084713e-05,"LTB","Treg"
175.67450593624,-0.0361260766594909,0.0105607670266362,-3.42078151789298,0.000624414731105821,0.00474916772099416,"MX1","Treg"
321.006099081962,0.0105872936346979,0.00348599367009615,3.03709491084817,0.00238870230421576,0.0143933275145952,"FOXP3","Treg"
377.512662687291,0.01702399542542,0.00574731305004073,2.96207902322275,0.00305569348044737,0.0176376364092594,"CTLA4","Treg"
9.49575985346354,0.038011148944234,0.0134858869556961,2.81858724376887,0.00482355006335104,0.0254695376364033,"CXCR5","Treg"
221.874382587953,-0.0312374706792873,0.0113470866049728,-2.75290669462217,0.00590687284732114,0.0297762679135224,"ISG15","Treg"
11.4570850748167,-0.0556595434170028,0.0204511389371349,-2.72158648905059,0.00649693817183166,0.0320853851869922,"IFIT1","Treg"
1149.5888269075,-0.0166429010509279,0.0072652207059144,-2.29076331258311,0.0219771065913204,0.0817780648426686,"IL7R","Treg"
23.6267263451694,-0.0443858310973624,0.0214612453131397,-2.06818525438442,0.0386226063019161,0.12484259396218,"IFIT3","Treg"
10.3832116777916,0.0266400503180384,0.0129573056295395,2.05598687564377,0.0397837812674819,0.127330471441847,"PDCD1","Treg"
11.6530306007975,0.0350155645964335,0.0176666163493,1.98201873545643,0.0474771437782344,0.143927604085815,"TOP2A","Treg"
15.125336660447,0.0547684610602593,0.0288850484912504,1.89608340373218,0.0579490167781046,0.167141800926712,"MKI67","Treg"
18.4451697207755,-0.0260763616303274,0.0139364459043535,-1.87109122435453,0.061332437752706,0.174338157887864,"NKG7","Treg"
365.902309015792,0.00754813625363199,0.0046094306476589,1.63754199392622,0.101517271927953,0.24927663752217,"IL2RA","Treg"
283.897397979578,0.0083261467742346,0.00510073183617182,1.63234356199433,0.102607131239701,0.251230222752162,"ICOS","Treg"
28.3677058463983,0.0217735780586119,0.0144301180160365,1.5088981278195,0.131324818359501,0.296120339846614,"GNLY","Treg"
23.1991146002789,0.0260359536025561,0.0208619259759343,1.2480129414988,0.21202631790259,0.408358992759663,"GZMK","Treg"
714.485681802336,-0.00536028440540225,0.00637596482418396,-0.840701690365473,0.400515073375693,0.607452082536987,"IKZF2","Treg"
21.6103489273,0.00636244287876583,0.00817059058587722,0.77870048828089,0.43615616841895,0.637064178365345,"BCL6","Treg"
4.75444966921435,-0.00557411819813046,0.0149221193452289,-0.373547354043425,0.708741108180446,0.84018081556408,"GZMB","Treg"
39.0226666178408,0.00209987581333706,0.00971286082056178,0.216195398259151,0.828835440390084,0.913718998928944,"PRF1","Treg"
