Gene_set,Term,Overlap,P-value,Adjusted P-value,Old P-value,Old Adjusted P-value,Odds Ratio,Combined Score,Genes
GO_Biological_Process_2021,monocyte chemotaxis (GO:0002548),2/42,0.001355132075043,0.1206825271721015,0,0,41.52916666666667,274.25265129441186,CCL25;FLT1
GO_Biological_Process_2021,positive regulation of phospholipase C activity (GO:0010863),2/43,0.0014201022558982,0.1206825271721015,0,0,40.51422764227642,265.65286017600937,FLT1;GPR55
GO_Biological_Process_2021,cellular defense response (GO:0006968),2/49,0.0018406022262669,0.1206825271721015,0,0,35.33156028368794,222.50624099408685,LGALS3BP;NCR2
GO_Biological_Process_2021,positive regulation of cell-substrate adhesion (GO:0010811),2/70,0.0037170469862234,0.1206825271721015,0,0,24.39460784313725,136.4835800450302,CCL25;LIMS2
GO_Biological_Process_2021,phospholipase C-activating G protein-coupled receptor signaling pathway (GO:0007200),2/81,0.0049433417186231,0.1206825271721015,0,0,20.986286919831223,111.43117548975628,PTGER3;GPR55
GO_Biological_Process_2021,positive regulation of MAPK cascade (GO:0043410),3/274,0.0052374418233461,0.1206825271721015,0,0,9.483234397561366,49.805208326351575,CCL25;FLT1;GPR55
GO_Biological_Process_2021,regulation of fever generation (GO:0031620),1/5,0.0064836893697988,0.1206825271721015,0,0,199.7,1006.1815770136444,PTGER3
GO_Biological_Process_2021,negative regulation of vascular endothelial cell proliferation (GO:1905563),1/5,0.0064836893697988,0.1206825271721015,0,0,199.7,1006.1815770136444,FLT1
GO_Biological_Process_2021,gastro-intestinal system smooth muscle contraction (GO:0014831),1/5,0.0064836893697988,0.1206825271721015,0,0,199.7,1006.1815770136444,PTGER3
GO_Biological_Process_2021,negative regulation of leukocyte adhesion to vascular endothelial cell (GO:1904995),1/5,0.0064836893697988,0.1206825271721015,0,0,199.7,1006.1815770136444,CCL25
GO_Biological_Process_2021,positive regulation of heat generation (GO:0031652),1/5,0.0064836893697988,0.1206825271721015,0,0,199.7,1006.1815770136444,PTGER3
GO_Biological_Process_2021,negative regulation of cellular extravasation (GO:0002692),1/6,0.007775574144635,0.1206825271721015,0,0,159.752,775.8783981291459,CCL25
GO_Biological_Process_2021,positive regulation of fever generation (GO:0031622),1/6,0.007775574144635,0.1206825271721015,0,0,159.752,775.8783981291459,PTGER3
GO_Biological_Process_2021,SMAD protein complex assembly (GO:0007183),1/7,0.0090658443341152,0.1206825271721015,0,0,133.12,626.0954814439701,SMAD1
GO_Biological_Process_2021,negative regulation of digestive system process (GO:0060457),1/7,0.0090658443341152,0.1206825271721015,0,0,133.12,626.0954814439701,PTGER3
GO_Biological_Process_2021,positive regulation of integrin-mediated signaling pathway (GO:2001046),1/7,0.0090658443341152,0.1206825271721015,0,0,133.12,626.0954814439701,LIMS2
GO_Biological_Process_2021,positive regulation of angiogenesis (GO:0045766),2/116,0.0098971778568836,0.1206825271721015,0,0,14.517543859649123,67.00580538084053,SMAD1;FLT1
GO_Biological_Process_2021,defense response to symbiont (GO:0140546),2/124,0.0112440495200817,0.1206825271721015,0,0,13.560109289617486,60.856634450440026,IFI27;IFI44L
GO_Biological_Process_2021,bone resorption (GO:0045453),1/9,0.0116415481869311,0.1206825271721015,0,0,99.83,444.5604442545611,GPR55
GO_Biological_Process_2021,defense response to virus (GO:0051607),2/133,0.0128504614954417,0.1206825271721015,0,0,12.622773536895677,54.96429651581209,IFI27;IFI44L
GO_Biological_Process_2021,regulation of leukocyte tethering or rolling (GO:1903236),1/10,0.0129269855424658,0.1206825271721015,0,0,88.73333333333333,385.85142072369416,CCL25
GO_Biological_Process_2021,primary miRNA processing (GO:0031053),1/10,0.0129269855424658,0.1206825271721015,0,0,88.73333333333333,385.85142072369416,SMAD1
GO_Biological_Process_2021,protein kinase C signaling (GO:0070528),1/11,0.0142108156769532,0.1206825271721015,0,0,79.856,339.6876146735057,PRSS33
GO_Biological_Process_2021,hemidesmosome assembly (GO:0031581),1/12,0.0154930404733183,0.1206825271721015,0,0,72.59272727272727,302.5203442580517,LAMC1
GO_Biological_Process_2021,modulation by host of viral process (GO:0044788),1/12,0.0154930404733183,0.1206825271721015,0,0,72.59272727272727,302.5203442580517,IFI27
GO_Biological_Process_2021,regulation of nucleobase-containing compound metabolic process (GO:0019219),1/12,0.0154930404733183,0.1206825271721015,0,0,72.59272727272727,302.5203442580517,IGF2BP3
GO_Biological_Process_2021,phasic smooth muscle contraction (GO:0014821),1/12,0.0154930404733183,0.1206825271721015,0,0,72.59272727272727,302.5203442580517,PTGER3
GO_Biological_Process_2021,positive regulation of cytosolic calcium ion concentration (GO:0007204),2/147,0.0155360444455639,0.1206825271721015,0,0,11.395977011494251,47.45960046775096,PTGER3;GPR55
GO_Biological_Process_2021,regulation of nucleocytoplasmic transport (GO:0046822),1/13,0.0167736618234459,0.1206825271721015,0,0,66.54,272.01188501169923,IFI27
GO_Biological_Process_2021,negative regulation of secretion (GO:0051048),1/14,0.0180526816175866,0.1206825271721015,0,0,61.418461538461536,246.562020931719,PTGER3
GO_Biological_Process_2021,regulation of integrin-mediated signaling pathway (GO:2001044),1/14,0.0180526816175866,0.1206825271721015,0,0,61.418461538461536,246.562020931719,LIMS2
GO_Biological_Process_2021,adenylate cyclase-modulating G protein-coupled receptor signaling pathway (GO:0007188),2/165,0.0193109598572316,0.1206825271721015,0,0,10.12832310838446,39.97732665234091,GALR3;PTGER3
GO_Biological_Process_2021,positive regulation of acute inflammatory response (GO:0002675),1/15,0.0193301017548387,0.1206825271721015,0,0,57.02857142857143,225.0399736139121,PTGER3
GO_Biological_Process_2021,positive regulation of sprouting angiogenesis (GO:1903672),1/15,0.0193301017548387,0.1206825271721015,0,0,57.02857142857143,225.0399736139121,SMAD1
GO_Biological_Process_2021,modulation by host of viral genome replication (GO:0044827),1/15,0.0193301017548387,0.1206825271721015,0,0,57.02857142857143,225.0399736139121,IFI27
GO_Biological_Process_2021,regulation of phospholipase C activity (GO:1900274),1/15,0.0193301017548387,0.1206825271721015,0,0,57.02857142857143,225.0399736139121,FLT1
GO_Biological_Process_2021,endoderm development (GO:0007492),1/15,0.0193301017548387,0.1206825271721015,0,0,57.02857142857143,225.0399736139121,LAMC1
GO_Biological_Process_2021,regulation of hormone secretion (GO:0046883),1/16,0.0206059241328129,0.1236349292290524,0,0,53.224,206.6249708321616,SCG5
GO_Biological_Process_2021,positive regulation of ERK1 and ERK2 cascade (GO:0070374),2/172,0.0208734296100997,0.1236349292290524,0,0,9.7078431372549,37.56234620184538,CCL25;GPR55
GO_Biological_Process_2021,regulation of vascular endothelial cell proliferation (GO:1905562),1/18,0.0231527832149216,0.1337073230661725,0,0,46.95764705882353,176.82560723797164,FLT1
GO_Biological_Process_2021,negative regulation of osteoclast differentiation (GO:0045671),1/20,0.0256932740553108,0.1447596660189464,0,0,42.01052631578948,153.82263569148483,GPR55
GO_Biological_Process_2021,chondroitin sulfate biosynthetic process (GO:0030206),1/21,0.0269611361380806,0.144837731346433,0,0,39.908,144.2019250738276,CHSY3
GO_Biological_Process_2021,positive regulation of transcription from RNA polymerase II promoter involved in cellular response to chemical stimulus (GO:1901522),1/21,0.0269611361380806,0.144837731346433,0,0,39.908,144.2019250738276,SMAD1
GO_Biological_Process_2021,triglyceride catabolic process (GO:0019433),1/23,0.0294921031126646,0.1489779625248407,0,0,36.276363636363634,127.82458269039886,LIPH
GO_Biological_Process_2021,regulation of protein export from nucleus (GO:0046825),1/23,0.0294921031126646,0.1489779625248407,0,0,36.276363636363634,127.82458269039886,IFI27
GO_Biological_Process_2021,positive regulation of phospholipase activity (GO:0010518),1/24,0.0307552117947077,0.1489779625248407,0,0,34.697391304347825,120.8057619164666,FLT1
GO_Biological_Process_2021,cardiac conduction system development (GO:0003161),1/25,0.0320167398038226,0.1489779625248407,0,0,33.25,114.42975510355669,SMAD1
GO_Biological_Process_2021,chondroitin sulfate proteoglycan biosynthetic process (GO:0050650),1/27,0.0345350613606546,0.1489779625248407,0,0,30.689230769230768,103.29320526635196,CHSY3
GO_Biological_Process_2021,inflammatory response (GO:0006954),2/230,0.0357054901992817,0.1489779625248407,0,0,7.217105263157895,24.050648315616105,CCL25;PTGER3
GO_Biological_Process_2021,positive regulation of phosphatidylinositol 3-kinase activity (GO:0043552),1/28,0.0357918586912164,0.1489779625248407,0,0,29.551111111111112,98.40622903757162,FLT1
GO_Biological_Process_2021,positive regulation of cytosolic calcium ion concentration involved in phospholipase C-activating G protein-coupled signaling pathway (GO:0051482),1/28,0.0357918586912164,0.1489779625248407,0,0,29.551111111111112,98.40622903757162,GPR55
GO_Biological_Process_2021,lipid catabolic process (GO:0016042),1/29,0.0370470829069464,0.1489779625248407,0,0,28.494285714285716,93.90478962861955,LIPH
GO_Biological_Process_2021,negative regulation of myeloid leukocyte differentiation (GO:0002762),1/29,0.0370470829069464,0.1489779625248407,0,0,28.494285714285716,93.90478962861955,GPR55
GO_Biological_Process_2021,production of miRNAs involved in gene silencing by miRNA (GO:0035196),1/29,0.0370470829069464,0.1489779625248407,0,0,28.494285714285716,93.90478962861955,SMAD1
GO_Biological_Process_2021,regulation of ERK1 and ERK2 cascade (GO:0070372),2/238,0.0379978318662821,0.1489779625248407,0,0,6.969632768361582,22.792275523409888,CCL25;GPR55
GO_Biological_Process_2021,maintenance of blood-brain barrier (GO:0035633),1/30,0.0383007358905153,0.1489779625248407,0,0,27.51034482758621,89.74661743899148,LAMC1
GO_Biological_Process_2021,chondroitin sulfate metabolic process (GO:0030204),1/30,0.0383007358905153,0.1489779625248407,0,0,27.51034482758621,89.74661743899148,CHSY3
GO_Biological_Process_2021,positive regulation of lipid kinase activity (GO:0090218),1/30,0.0383007358905153,0.1489779625248407,0,0,27.51034482758621,89.74661743899148,FLT1
GO_Biological_Process_2021,positive regulation of Rho protein signal transduction (GO:0035025),1/31,0.0395528195360064,0.1489779625248407,0,0,26.592,85.8953057509563,GPR55
GO_Biological_Process_2021,activation of phospholipase C activity (GO:0007202),1/32,0.0408033357136717,0.1489779625248407,0,0,25.732903225806453,82.31933722871672,GPR55
GO_Biological_Process_2021,regulation of intracellular protein transport (GO:0033157),1/32,0.0408033357136717,0.1489779625248407,0,0,25.732903225806453,82.31933722871672,IFI27
GO_Biological_Process_2021,hematopoietic progenitor cell differentiation (GO:0002244),1/32,0.0408033357136717,0.1489779625248407,0,0,25.732903225806453,82.31933722871672,FLT1
GO_Biological_Process_2021,regulation of sprouting angiogenesis (GO:1903670),1/33,0.0420522863055333,0.1489779625248407,0,0,24.9275,78.99129706265623,SMAD1
GO_Biological_Process_2021,cellular response to vascular endothelial growth factor stimulus (GO:0035924),1/34,0.0432996732000933,0.1489779625248407,0,0,24.17090909090909,75.88723251587066,FLT1
GO_Biological_Process_2021,cell-substrate junction assembly (GO:0007044),1/34,0.0432996732000933,0.1489779625248407,0,0,24.17090909090909,75.88723251587066,LAMC1
GO_Biological_Process_2021,acylglycerol catabolic process (GO:0046464),1/35,0.0445454982675267,0.1489779625248407,0,0,23.458823529411763,72.98612815583363,LIPH
GO_Biological_Process_2021,regulation of phosphatidylinositol 3-kinase activity (GO:0043551),1/35,0.0445454982675267,0.1489779625248407,0,0,23.458823529411763,72.98612815583363,FLT1
GO_Biological_Process_2021,cellular component assembly (GO:0022607),2/261,0.0448935347952539,0.1489779625248407,0,0,6.3433075933075935,19.686210808404397,LAMC1;LIMS2
GO_Biological_Process_2021,cytokine-mediated signaling pathway (GO:0019221),3/621,0.045608446155124,0.1489779625248407,0,0,4.085268045588856,12.613928362265534,CCL25;IFI27;NDN
GO_Biological_Process_2021,positive regulation of substrate adhesion-dependent cell spreading (GO:1900026),1/36,0.0457897633734358,0.1489779625248407,0,0,22.78742857142857,70.2694731674912,LIMS2
GO_Biological_Process_2021,regulation of osteoclast differentiation (GO:0045670),1/36,0.0457897633734358,0.1489779625248407,0,0,22.78742857142857,70.2694731674912,GPR55
GO_Biological_Process_2021,negative regulation of endothelial cell proliferation (GO:0001937),1/37,0.0470324704132764,0.1508958425759286,0,0,22.15333333333333,67.72090251278901,FLT1
GO_Biological_Process_2021,regulation of cell communication (GO:0010646),1/38,0.048273621231532,0.1527562534860808,0,0,21.553513513513515,65.32589775680604,SCG5
GO_Biological_Process_2021,lymphocyte migration (GO:0072676),1/40,0.0507512617202016,0.1584262359103593,0,0,20.446153846153845,60.94627977000699,CCL25
GO_Biological_Process_2021,positive regulation of cell-matrix adhesion (GO:0001954),1/44,0.0556879502757451,0.1692620593907516,0,0,18.54046511627907,53.54470543982107,CCL25
GO_Biological_Process_2021,lymphocyte chemotaxis (GO:0048247),1/44,0.0556879502757451,0.1692620593907516,0,0,18.54046511627907,53.54470543982107,CCL25
GO_Biological_Process_2021,innate immune response (GO:0045087),2/302,0.0582314993001511,0.1746944979004533,0,0,5.465,15.538792141016614,NCR2;IFI27
GO_Biological_Process_2021,substrate adhesion-dependent cell spreading (GO:0034446),1/48,0.0605999480502736,0.1771973164508,0,0,16.959148936170212,47.54431675958979,LAMC1
GO_Biological_Process_2021,phosphatidic acid biosynthetic process (GO:0006654),1/48,0.0605999480502736,0.1771973164508,0,0,16.959148936170212,47.54431675958979,LIPH
GO_Biological_Process_2021,positive regulation of cell morphogenesis involved in differentiation (GO:0010770),1/50,0.0630467249540435,0.1797999193133834,0,0,16.26530612244898,44.95534064809558,LIMS2
GO_Biological_Process_2021,phosphatidic acid metabolic process (GO:0046473),1/50,0.0630467249540435,0.1797999193133834,0,0,16.26530612244898,44.95534064809558,LIPH
GO_Biological_Process_2021,regulation of substrate adhesion-dependent cell spreading (GO:1900024),1/51,0.0642678143574904,0.1810471355680523,0,0,15.9392,43.74826370127252,LIMS2
GO_Biological_Process_2021,negative regulation of BMP signaling pathway (GO:0030514),1/52,0.0654873735382244,0.1822600396063837,0,0,15.625882352941176,42.59456028736928,SMAD1
GO_Biological_Process_2021,cardiac muscle tissue development (GO:0048738),1/53,0.0667054043220935,0.1834398618857572,0,0,15.324615384615385,41.49092576513871,SMAD1
GO_Biological_Process_2021,triglyceride metabolic process (GO:0006641),1/55,0.0691368880658187,0.1838838473682192,0,0,14.755555555555556,39.42192870007893,LIPH
GO_Biological_Process_2021,chemokine-mediated signaling pathway (GO:0070098),1/56,0.0703503446941226,0.1838838473682192,0,0,14.486545454545457,38.45116817407706,CCL25
GO_Biological_Process_2021,blood vessel morphogenesis (GO:0048514),1/56,0.0703503446941226,0.1838838473682192,0,0,14.486545454545457,38.45116817407706,FLT1
GO_Biological_Process_2021,peptidyl-tyrosine modification (GO:0018212),1/56,0.0703503446941226,0.1838838473682192,0,0,14.486545454545457,38.45116817407706,FLT1
GO_Biological_Process_2021,protein K48-linked ubiquitination (GO:0070936),1/57,0.0715622802585043,0.1838838473682192,0,0,14.227142857142857,37.51963840746828,IFI27
GO_Biological_Process_2021,regulation of secretion by cell (GO:1903530),1/59,0.0739815955600831,0.1838838473682192,0,0,13.735172413793103,35.76555009478774,SCG5
GO_Biological_Process_2021,cellular response to chemokine (GO:1990869),1/60,0.0751889789422143,0.1838838473682192,0,0,13.501694915254236,34.93901932570728,CCL25
GO_Biological_Process_2021,positive regulation of Ras protein signal transduction (GO:0046579),1/63,0.0788020538757809,0.1838838473682192,0,0,12.846451612903223,32.64047260238857,GPR55
GO_Biological_Process_2021,neuropeptide signaling pathway (GO:0007218),1/63,0.0788020538757809,0.1838838473682192,0,0,12.846451612903223,32.64047260238857,GALR3
GO_Biological_Process_2021,monocarboxylic acid biosynthetic process (GO:0072330),1/63,0.0788020538757809,0.1838838473682192,0,0,12.846451612903223,32.64047260238857,LIPH
GO_Biological_Process_2021,regulation of RNA metabolic process (GO:0051252),1/65,0.0812032260122347,0.1838838473682192,0,0,12.44375,31.243771275296563,IGF2BP3
GO_Biological_Process_2021,cellular response to type I interferon (GO:0071357),1/65,0.0812032260122347,0.1838838473682192,0,0,12.44375,31.243771275296563,IFI27
GO_Biological_Process_2021,"G protein-coupled receptor signaling pathway, coupled to cyclic nucleotide second messenger (GO:0007187)",1/65,0.0812032260122347,0.1838838473682192,0,0,12.44375,31.243771275296563,GALR3
GO_Biological_Process_2021,BMP signaling pathway (GO:0030509),1/65,0.0812032260122347,0.1838838473682192,0,0,12.44375,31.243771275296563,SMAD1
GO_Biological_Process_2021,type I interferon signaling pathway (GO:0060337),1/65,0.0812032260122347,0.1838838473682192,0,0,12.44375,31.243771275296563,IFI27
GO_Biological_Process_2021,regulation of cell-matrix adhesion (GO:0001952),1/65,0.0812032260122347,0.1838838473682192,0,0,12.44375,31.243771275296563,CCL25
GO_Biological_Process_2021,extracellular matrix disassembly (GO:0022617),1/66,0.082401554194611,0.1838838473682192,0,0,12.251692307692307,30.58207376858464,LAMC1
GO_Biological_Process_2021,cellular component disassembly (GO:0022411),1/66,0.082401554194611,0.1838838473682192,0,0,12.251692307692307,30.58207376858464,LAMC1
GO_Biological_Process_2021,vascular endothelial growth factor receptor signaling pathway (GO:0048010),1/67,0.0835983795138284,0.1838838473682192,0,0,12.065454545454546,29.94321429852069,FLT1
GO_Biological_Process_2021,peptidyl-tyrosine phosphorylation (GO:0018108),1/69,0.0859875288365276,0.1838838473682192,0,0,11.709411764705882,28.729662442835576,FLT1
GO_Biological_Process_2021,cell chemotaxis (GO:0060326),1/69,0.0859875288365276,0.1838838473682192,0,0,11.709411764705882,28.729662442835576,CCL25
GO_Biological_Process_2021,positive regulation of MAP kinase activity (GO:0043406),1/69,0.0859875288365276,0.1838838473682192,0,0,11.709411764705882,28.729662442835576,FLT1
GO_Biological_Process_2021,neutrophil chemotaxis (GO:0030593),1/70,0.0871798564516168,0.1838838473682192,0,0,11.539130434782608,28.152962485204668,CCL25
GO_Biological_Process_2021,fatty acid biosynthetic process (GO:0006633),1/71,0.0883706884427819,0.1838838473682192,0,0,11.373714285714286,27.59507555769093,LIPH
GO_Biological_Process_2021,cellular response to BMP stimulus (GO:0071773),1/71,0.0883706884427819,0.1838838473682192,0,0,11.373714285714286,27.59507555769093,SMAD1
GO_Biological_Process_2021,extrinsic apoptotic signaling pathway (GO:0097191),1/72,0.0895600265977508,0.1838838473682192,0,0,11.212957746478873,27.05514238024048,IFI27
GO_Biological_Process_2021,cell junction organization (GO:0034330),1/72,0.0895600265977508,0.1838838473682192,0,0,11.212957746478873,27.05514238024048,LIMS2
GO_Biological_Process_2021,cell morphogenesis involved in differentiation (GO:0000904),1/72,0.0895600265977508,0.1838838473682192,0,0,11.212957746478873,27.05514238024048,LAMC1
GO_Biological_Process_2021,regulation of Rho protein signal transduction (GO:0035023),1/73,0.0907478727271731,0.1838838473682192,0,0,11.056666666666668,26.53235403248719,GPR55
GO_Biological_Process_2021,granulocyte chemotaxis (GO:0071621),1/73,0.0907478727271731,0.1838838473682192,0,0,11.056666666666668,26.53235403248719,CCL25
GO_Biological_Process_2021,regulation of BMP signaling pathway (GO:0030510),1/76,0.0943024769061604,0.1885204285027162,0,0,10.6128,25.05945090071607,SMAD1
GO_Biological_Process_2021,positive regulation of phosphatidylinositol 3-kinase signaling (GO:0014068),1/77,0.0954843728779991,0.1885204285027162,0,0,10.472631578947368,24.598040389517,FLT1
GO_Biological_Process_2021,neutrophil migration (GO:1990266),1/77,0.0954843728779991,0.1885204285027162,0,0,10.472631578947368,24.598040389517,CCL25
GO_Biological_Process_2021,lipid biosynthetic process (GO:0008610),1/80,0.0990211695219052,0.1906157513296675,0,0,10.073417721518988,23.293988907916823,LIPH
GO_Biological_Process_2021,negative regulation of cellular response to growth factor stimulus (GO:0090288),1/80,0.0990211695219052,0.1906157513296675,0,0,10.073417721518988,23.293988907916823,SMAD1
GO_Biological_Process_2021,response to interferon-gamma (GO:0034341),1/80,0.0990211695219052,0.1906157513296675,0,0,10.073417721518988,23.293988907916823,CCL25
GO_Biological_Process_2021,cell-cell junction organization (GO:0045216),1/82,0.1013716424127319,0.1923380300909073,0,0,9.823703703703703,22.4860833724728,LIMS2
GO_Biological_Process_2021,cellular protein metabolic process (GO:0044267),2/417,0.1015811241172757,0.1923380300909073,0,0,3.927510040160642,8.98181307801798,IGF2BP3;LAMC1
GO_Biological_Process_2021,negative regulation of cellular amide metabolic process (GO:0034249),1/86,0.1060549125253618,0.1975700386561176,0,0,9.359529411764706,21.000895961244385,IGF2BP3
GO_Biological_Process_2021,response to interleukin-1 (GO:0070555),1/86,0.1060549125253618,0.1975700386561176,0,0,9.359529411764706,21.000895961244385,CCL25
GO_Biological_Process_2021,transforming growth factor beta receptor signaling pathway (GO:0007179),1/89,0.1095519547385849,0.2024520123569048,0,0,9.039090909090907,19.988651258599795,SMAD1
GO_Biological_Process_2021,negative regulation of translation (GO:0017148),1/90,0.110714709599323,0.2029769675987589,0,0,8.937078651685393,19.66870991707492,IGF2BP3
GO_Biological_Process_2021,regulation of epithelial cell proliferation (GO:0050678),1/93,0.1141942211727404,0.2049701142738222,0,0,8.644347826086957,18.756977771089677,LAMC1
GO_Biological_Process_2021,negative regulation of cellular protein metabolic process (GO:0032269),1/94,0.1153511465610254,0.2049701142738222,0,0,8.550967741935484,18.46816083576708,IGF2BP3
GO_Biological_Process_2021,regulation of kinase activity (GO:0043549),1/94,0.1153511465610254,0.2049701142738222,0,0,8.550967741935484,18.46816083576708,FLT1
GO_Biological_Process_2021,hemopoiesis (GO:0030097),1/94,0.1153511465610254,0.2049701142738222,0,0,8.550967741935484,18.46816083576708,FLT1
GO_Biological_Process_2021,positive regulation of cold-induced thermogenesis (GO:0120162),1/97,0.1188132118767595,0.2063597890491086,0,0,8.2825,17.64340359069681,ESRRG
GO_Biological_Process_2021,regulation of MAP kinase activity (GO:0043405),1/97,0.1188132118767595,0.2063597890491086,0,0,8.2825,17.64340359069681,FLT1
GO_Biological_Process_2021,glycosaminoglycan biosynthetic process (GO:0006024),1/97,0.1188132118767595,0.2063597890491086,0,0,8.2825,17.64340359069681,CHSY3
GO_Biological_Process_2021,positive regulation of vasculature development (GO:1904018),1/102,0.124554389413718,0.2131263996634731,0,0,7.87049504950495,16.39434189671731,FLT1
GO_Biological_Process_2021,cell junction assembly (GO:0034329),1/102,0.124554389413718,0.2131263996634731,0,0,7.87049504950495,16.39434189671731,LIMS2
GO_Biological_Process_2021,positive regulation of cell population proliferation (GO:0008284),2/474,0.1256087299474644,0.2133501221901785,0,0,3.443149717514124,7.143101665710273,FLT1;LAMC1
GO_Biological_Process_2021,cellular response to cytokine stimulus (GO:0071345),2/482,0.1290875018264888,0.2145830769770967,0,0,3.384375,6.928711793405378,CCL25;NDN
GO_Biological_Process_2021,positive regulation of protein serine/threonine kinase activity (GO:0071902),1/106,0.129121418613924,0.2145830769770967,0,0,7.569142857142857,15.494051230927994,FLT1
GO_Biological_Process_2021,regulation of phosphatidylinositol 3-kinase signaling (GO:0014066),1/106,0.129121418613924,0.2145830769770967,0,0,7.569142857142857,15.494051230927994,FLT1
GO_Biological_Process_2021,negative regulation of transmembrane receptor protein serine/threonine kinase signaling pathway (GO:0090101),1/108,0.1313963337628756,0.2168039507087448,0,0,7.426915887850467,15.07320114483968,SMAD1
GO_Biological_Process_2021,response to tumor necrosis factor (GO:0034612),1/110,0.1336655343529621,0.2186380935353563,0,0,7.289908256880734,14.670317893037891,CCL25
GO_Biological_Process_2021,protein-containing complex subunit organization (GO:0043933),1/112,0.1359290341840525,0.2186380935353563,0,0,7.157837837837838,14.284341073134293,LAMC1
GO_Biological_Process_2021,sulfur compound biosynthetic process (GO:0044272),1/113,0.137058650616631,0.2186380935353563,0,0,7.093571428571429,14.097383202443446,CHSY3
GO_Biological_Process_2021,positive regulation of metabolic process (GO:0009893),1/113,0.137058650616631,0.2186380935353563,0,0,7.093571428571429,14.097383202443446,ESRRG
GO_Biological_Process_2021,cellular response to transforming growth factor beta stimulus (GO:0071560),1/114,0.1381868469963723,0.2186380935353563,0,0,7.0304424778761065,13.914290006879398,SMAD1
GO_Biological_Process_2021,positive regulation of kinase activity (GO:0033674),1/114,0.1381868469963723,0.2186380935353563,0,0,7.0304424778761065,13.914290006879398,FLT1
GO_Biological_Process_2021,adenylate cyclase-activating G protein-coupled receptor signaling pathway (GO:0007189),1/118,0.1426854664265442,0.2242200186702838,0,0,6.788717948717949,13.21839830149686,PTGER3
GO_Biological_Process_2021,cellular response to interferon-gamma (GO:0071346),1/121,0.1460446043669256,0.2279479973564852,0,0,6.618,12.731994261662797,CCL25
GO_Biological_Process_2021,regulation of mRNA catabolic process (GO:0061013),1/122,0.1471615019890072,0.2281497111373199,0,0,6.56297520661157,12.57613481767676,IGF2BP3
GO_Biological_Process_2021,positive regulation of epithelial cell proliferation (GO:0050679),1/123,0.148276994905322,0.2283465721541959,0,0,6.508852459016394,12.423272038159292,LAMC1
GO_Biological_Process_2021,fatty acid metabolic process (GO:0006631),1/124,0.1493910848511126,0.2285386794742187,0,0,6.455609756097561,12.273325742164896,LIPH
GO_Biological_Process_2021,platelet degranulation (GO:0002576),1/125,0.1505037734851112,0.2287261294411888,0,0,6.403225806451613,12.126218507747616,LGALS3BP
GO_Biological_Process_2021,positive regulation of canonical Wnt signaling pathway (GO:0090263),1/130,0.1560462564291103,0.2355992499027744,0,0,6.153488372093023,11.430737230465454,DKK2
GO_Biological_Process_2021,transmembrane receptor protein serine/threonine kinase signaling pathway (GO:0007178),1/133,0.1593550386163907,0.2390325579245861,0,0,6.012727272727273,11.04309888437679,SMAD1
GO_Biological_Process_2021,regulation of gene expression (GO:0010468),3/1079,0.1629052237074086,0.2427813333962024,0,0,2.2908517860029094,4.15694917552053,SMAD1;IGF2BP3;ESRRG
GO_Biological_Process_2021,transcription initiation from RNA polymerase II promoter (GO:0006367),1/140,0.1670270935971572,0.2457532396238427,0,0,5.707913669064748,10.214877979073918,ESRRG
GO_Biological_Process_2021,enzyme linked receptor protein signaling pathway (GO:0007167),1/140,0.1670270935971572,0.2457532396238427,0,0,5.707913669064748,10.214877979073918,FLT1
GO_Biological_Process_2021,regulation of mRNA stability (GO:0043488),1/146,0.1735495150248946,0.2536301338929426,0,0,5.470068965517242,9.579689829999632,IGF2BP3
GO_Biological_Process_2021,positive regulation of transferase activity (GO:0051347),1/148,0.1757127217127913,0.2536301338929426,0,0,5.395102040816327,9.381569269744272,FLT1
GO_Biological_Process_2021,regulation of cytosolic calcium ion concentration (GO:0051480),1/148,0.1757127217127913,0.2536301338929426,0,0,5.395102040816327,9.381569269744272,PTGER3
GO_Biological_Process_2021,positive regulation of hydrolase activity (GO:0051345),1/149,0.1767922823882948,0.2536301338929426,0,0,5.3583783783783785,9.284889715044615,CCL25
GO_Biological_Process_2021,regulation of cytokine production (GO:0001817),1/150,0.1778704835093364,0.2536301338929426,0,0,5.322147651006712,9.189750296073624,IGF2BP3
GO_Biological_Process_2021,positive regulation of Wnt signaling pathway (GO:0030177),1/153,0.1810969457938083,0.2566465918918388,0,0,5.2163157894736845,8.913237611851748,DKK2
GO_Biological_Process_2021,cellular response to interleukin-1 (GO:0071347),1/155,0.1832411528538297,0.2581018677392357,0,0,5.148051948051948,8.735998174132183,CCL25
GO_Biological_Process_2021,cellular response to growth factor stimulus (GO:0071363),1/158,0.1864473444416843,0.2609372981828777,0,0,5.048917197452229,8.480193714632895,FLT1
GO_Biological_Process_2021,protein autophosphorylation (GO:0046777),1/159,0.1875133831097736,0.2609372981828777,0,0,5.016708860759493,8.397494344231353,FLT1
GO_Biological_Process_2021,peptide biosynthetic process (GO:0043043),1/162,0.1907034462286013,0.2637874016695025,0,0,4.92248447204969,8.156732478628248,IGF2BP3
GO_Biological_Process_2021,negative regulation of canonical Wnt signaling pathway (GO:0090090),1/165,0.1938814641412416,0.2646393488178385,0,0,4.831707317073171,7.926456035308097,DKK2
GO_Biological_Process_2021,regulation of MAPK cascade (GO:0043408),1/166,0.1949381342713303,0.2646393488178385,0,0,4.802181818181818,7.8519179804021215,FLT1
GO_Biological_Process_2021,"positive regulation of transcription, DNA-templated (GO:0045893)",3/1183,0.1969020624495324,0.2646393488178385,0,0,2.0774502579218863,3.3759580877265605,SMAD1;GALR3;ESRRG
GO_Biological_Process_2021,"DNA-templated transcription, initiation (GO:0006352)",1/168,0.1970474805050572,0.2646393488178385,0,0,4.744191616766467,7.706040548856063,ESRRG
GO_Biological_Process_2021,cellular protein-containing complex assembly (GO:0034622),1/168,0.1970474805050572,0.2646393488178385,0,0,4.744191616766467,7.706040548856063,SMAD1
GO_Biological_Process_2021,glycerophospholipid biosynthetic process (GO:0046474),1/177,0.2064739547201496,0.2750900231115002,0,0,4.499545454545455,7.098397425821774,LIPH
GO_Biological_Process_2021,regulation of translation (GO:0006417),1/178,0.207514748146171,0.2750900231115002,0,0,4.473898305084746,7.035441603794726,IGF2BP3
GO_Biological_Process_2021,regulation of immune response (GO:0050776),1/179,0.208554228899816,0.2750900231115002,0,0,4.448539325842697,6.973335316265452,NCR2
GO_Biological_Process_2021,regulated exocytosis (GO:0045055),1/180,0.209592398561143,0.2750900231115002,0,0,4.423463687150838,6.912062748671535,LGALS3BP
GO_Biological_Process_2021,regulation of GTPase activity (GO:0043087),1/189,0.2188771881168769,0.2856532794067716,0,0,4.209787234042553,6.395696064943001,CCL25
GO_Biological_Process_2021,negative regulation of Wnt signaling pathway (GO:0030178),1/191,0.2209261860758845,0.2867075785591534,0,0,4.165052631578948,6.288923895898449,DKK2
GO_Biological_Process_2021,cellular response to tumor necrosis factor (GO:0071356),1/194,0.2239899957728811,0.2890597152152823,0,0,4.099689119170985,6.13376582283434,CCL25
GO_Biological_Process_2021,regulation of macromolecule metabolic process (GO:0060255),1/200,0.2300828957266827,0.2949319895026508,0,0,3.974874371859297,5.840344997302112,IGF2BP3
GO_Biological_Process_2021,ncRNA processing (GO:0034470),1/201,0.2310938965367091,0.2949319895026508,0,0,3.9548,5.793509801147202,SMAD1
GO_Biological_Process_2021,regulation of angiogenesis (GO:0045765),1/203,0.233112069977469,0.2958730118944799,0,0,3.915247524752475,5.701524214455285,FLT1
GO_Biological_Process_2021,proteasomal protein catabolic process (GO:0010498),1/205,0.2351251494734459,0.2967973198271367,0,0,3.876470588235294,5.611723631577225,IFI27
GO_Biological_Process_2021,translation (GO:0006412),1/214,0.2441212998804329,0.3048217312020541,0,0,3.710985915492958,5.23282430236071,IGF2BP3
GO_Biological_Process_2021,positive regulation of GTPase activity (GO:0043547),1/214,0.2441212998804329,0.3048217312020541,0,0,3.710985915492958,5.23282430236071,CCL25
GO_Biological_Process_2021,extracellular structure organization (GO:0043062),1/216,0.2461065825334588,0.3052378939900319,0,0,3.676093023255814,5.153847769772427,LAMC1
GO_Biological_Process_2021,external encapsulating structure organization (GO:0045229),1/217,0.2470973427538353,0.3052378939900319,0,0,3.658888888888889,5.115027583126073,LAMC1
GO_Biological_Process_2021,positive regulation of cell motility (GO:2000147),1/221,0.2510478785443202,0.3084684039560531,0,0,3.5916363636363635,4.964042305832626,FLT1
GO_Biological_Process_2021,apoptotic process (GO:0006915),1/231,0.2608372112345438,0.3188010359533313,0,0,3.433739130434782,4.614460471774801,IFI27
GO_Biological_Process_2021,anterograde trans-synaptic signaling (GO:0098916),1/244,0.2733795405269417,0.3323719676932818,0,0,3.2479012345679013,4.212184243958927,GALR3
GO_Biological_Process_2021,positive regulation of signal transduction (GO:0009967),1/252,0.2809959118542705,0.3374545466735176,0,0,3.143107569721116,3.9899083932202943,LIMS2
GO_Biological_Process_2021,positive regulation of phosphorylation (GO:0042327),1/253,0.2819425433246273,0.3374545466735176,0,0,3.13047619047619,3.96334556639476,FLT1
GO_Biological_Process_2021,regulation of canonical Wnt signaling pathway (GO:0060828),1/253,0.2819425433246273,0.3374545466735176,0,0,3.13047619047619,3.96334556639476,DKK2
GO_Biological_Process_2021,protein-containing complex assembly (GO:0065003),1/267,0.2950702072474745,0.3495447070470083,0,0,2.963609022556391,3.617209165918771,LAMC1
GO_Biological_Process_2021,protein deubiquitination (GO:0016579),1/267,0.2950702072474745,0.3495447070470083,0,0,2.963609022556391,3.617209165918771,SMAD1
GO_Biological_Process_2021,positive regulation of cell migration (GO:0030335),1/269,0.2969266442922748,0.3499492593444667,0,0,2.941194029850746,3.571404144044734,FLT1
GO_Biological_Process_2021,protein modification by small protein removal (GO:0070646),1/276,0.303387225487895,0.355748472526415,0,0,2.865309090909091,3.4175840013048213,SMAD1
GO_Biological_Process_2021,proteolysis (GO:0006508),1/287,0.313424381474928,0.3656617783874161,0,0,2.7535664335664336,3.1946799434861024,PRSS33
GO_Biological_Process_2021,regulation of transcription by RNA polymerase II (GO:0006357),4/2206,0.3210968023589711,0.3727304590197102,0,0,1.467426306663364,1.6670148272562857,SMAD1;GALR3;IFI27;ESRRG
GO_Biological_Process_2021,extracellular matrix organization (GO:0030198),1/300,0.3251072386169282,0.3754988606025521,0,0,2.632107023411371,2.957435941349888,LAMC1
GO_Biological_Process_2021,chemical synaptic transmission (GO:0007268),1/306,0.3304346299544092,0.3794233638050004,0,0,2.5795409836065573,2.856445500827111,GALR3
GO_Biological_Process_2021,positive regulation of transcription by RNA polymerase II (GO:0045944),2/908,0.3317901276563207,0.3794233638050004,0,0,1.7538631346578366,1.9349541608130612,SMAD1;GALR3
GO_Biological_Process_2021,protein polyubiquitination (GO:0000209),1/314,0.3374749507562232,0.3821407530621939,0,0,2.51258785942492,2.729333716936047,IFI27
GO_Biological_Process_2021,cellular macromolecule biosynthetic process (GO:0034645),1/314,0.3374749507562232,0.3821407530621939,0,0,2.51258785942492,2.729333716936047,IGF2BP3
GO_Biological_Process_2021,transcription by RNA polymerase II (GO:0006366),1/320,0.3427084224939016,0.384379606008516,0,0,2.464576802507837,2.6392543575261227,ESRRG
GO_Biological_Process_2021,proteasome-mediated ubiquitin-dependent protein catabolic process (GO:0043161),1/321,0.3435767940802388,0.384379606008516,0,0,2.45675,2.624655666691318,IFI27
GO_Biological_Process_2021,negative regulation of gene expression (GO:0010629),1/322,0.3444440625271117,0.384379606008516,0,0,2.4489719626168225,2.6101720513844757,IGF2BP3
GO_Biological_Process_2021,cellular protein localization (GO:0034613),1/329,0.3504841656025749,0.3892396262220904,0,0,2.395853658536585,2.511908211093337,SCG5
GO_Biological_Process_2021,intracellular protein transport (GO:0006886),1/336,0.3564707382442862,0.393993973848948,0,0,2.344955223880597,2.41882863709798,SCG5
GO_Biological_Process_2021,post-translational protein modification (GO:0043687),1/345,0.3640898361169357,0.3986007210569297,0,0,2.2825581395348835,2.306193205698716,LAMC1
GO_Biological_Process_2021,positive regulation of multicellular organismal process (GO:0051240),1/345,0.3640898361169357,0.3986007210569297,0,0,2.2825581395348835,2.306193205698716,ESRRG
GO_Biological_Process_2021,ubiquitin-dependent protein catabolic process (GO:0006511),1/354,0.3716221570860812,0.4048294709304971,0,0,2.223342776203966,2.200837317220621,IFI27
GO_Biological_Process_2021,gene expression (GO:0010467),1/356,0.3732843173514973,0.4048294709304971,0,0,2.2105915492957746,2.1783498610772187,IGF2BP3
GO_Biological_Process_2021,protein transport (GO:0015031),1/369,0.3839857613799743,0.4144893031718415,0,0,2.131086956521739,2.0397694687546664,SCG5
GO_Biological_Process_2021,positive regulation of macromolecule metabolic process (GO:0010604),1/384,0.3961152846302677,0.4255936313934504,0,0,2.0460574412532635,1.8947514674712271,SMAD1
GO_Biological_Process_2021,transmembrane receptor protein tyrosine kinase signaling pathway (GO:0007169),1/404,0.4119312046564888,0.4405375383131895,0,0,1.942531017369727,1.7228286663528645,FLT1
GO_Biological_Process_2021,regulation of cell migration (GO:0030334),1/408,0.4150462329111305,0.4418234092279776,0,0,1.923046683046683,1.69106063940979,FLT1
GO_Biological_Process_2021,regulation of nucleic acid-templated transcription (GO:1903506),1/430,0.4318973010540349,0.4576526446948718,0,0,1.8223776223776225,1.5300089297877728,ESRRG
GO_Biological_Process_2021,nervous system development (GO:0007399),1/447,0.4445978766813453,0.4689594041707342,0,0,1.751390134529148,1.4196506654744032,IGF2BP3
GO_Biological_Process_2021,regulation of cellular macromolecule biosynthetic process (GO:2000112),1/468,0.4599101802804639,0.4829056892944871,0,0,1.6708351177730192,1.297777851011729,ESRRG
GO_Biological_Process_2021,positive regulation of gene expression (GO:0010628),1/482,0.4698919861771772,0.491154066999674,0,0,1.6210395010395011,1.2242940179647492,SMAD1
GO_Biological_Process_2021,protein phosphorylation (GO:0006468),1/496,0.4796962793536098,0.4991434258138913,0,0,1.5740606060606062,1.1563082687643975,FLT1
GO_Biological_Process_2021,positive regulation of nucleic acid-templated transcription (GO:1903508),1/511,0.49000733900479,0.507586077623796,0,0,1.5265882352941176,1.0889686820852371,ESRRG
GO_Biological_Process_2021,positive regulation of intracellular signal transduction (GO:1902533),1/546,0.5133080241804966,0.5276640391246997,0,0,1.4259816513761467,0.9509574700904172,FLT1
GO_Biological_Process_2021,negative regulation of cellular macromolecule biosynthetic process (GO:2000113),1/547,0.5139584796669153,0.5276640391246997,0,0,1.4232967032967032,0.9473644977177595,IGF2BP3
GO_Biological_Process_2021,positive regulation of cellular process (GO:0048522),1/625,0.5621982594035172,0.5746362739920905,0,0,1.2403846153846154,0.714338388809342,FLT1
GO_Biological_Process_2021,negative regulation of transcription by RNA polymerase II (GO:0000122),1/684,0.5955936787181,0.6060887215148947,0,0,1.1297803806734992,0.5854483424416934,IFI27
GO_Biological_Process_2021,regulation of cell population proliferation (GO:0042127),1/764,0.6369850307713979,0.645366412755232,0,0,1.007129750982962,0.4542247059999247,FLT1
GO_Biological_Process_2021,"negative regulation of transcription, DNA-templated (GO:0045892)",1/948,0.7173005479371395,0.7235651815435774,0,0,0.8036747624076029,0.2670292594202486,IFI27
GO_Biological_Process_2021,cellular protein modification process (GO:0006464),1/1025,0.7455709963821778,0.7488126094099264,0,0,0.740234375,0.2173364515435474,LAMC1
GO_Biological_Process_2021,"regulation of transcription, DNA-templated (GO:0006355)",2/2244,0.8059950437970346,0.8059950437970346,0,0,0.6590841510556051,0.1421497443348276,SMAD1;ESRRG
KEGG_2021_Human,Calcium signaling pathway,3/240,0.0036182676095947,0.1411124367741967,0,0,10.862410566868464,61.06586445256905,FLT1;PDE1C;PTGER3
KEGG_2021_Human,Transcriptional misregulation in cancer,2/192,0.0256173135597134,0.2785851062624401,0,0,8.677192982456141,31.797459537172788,SMAD1;FLT1
KEGG_2021_Human,Focal adhesion,2/201,0.0278828080274238,0.2785851062624401,0,0,8.280988274706868,29.643826204312088,FLT1;LAMC1
KEGG_2021_Human,Intestinal immune network for IgA production,1/48,0.0605999480502736,0.2785851062624401,0,0,16.959148936170212,47.54431675958979,CCL25
KEGG_2021_Human,Glycosaminoglycan biosynthesis,1/53,0.0667054043220935,0.2785851062624401,0,0,15.324615384615385,41.49092576513871,CHSY3
KEGG_2021_Human,Regulation of lipolysis in adipocytes,1/55,0.0691368880658187,0.2785851062624401,0,0,14.755555555555556,39.42192870007893,PTGER3
KEGG_2021_Human,Neuroactive ligand-receptor interaction,2/341,0.0720366619884114,0.2785851062624401,0,0,4.82669616519174,12.69701085810808,GALR3;PTGER3
KEGG_2021_Human,PI3K-Akt signaling pathway,2/354,0.0768573472994397,0.2785851062624401,0,0,4.645359848484849,11.919083846216695,FLT1;LAMC1
KEGG_2021_Human,Renin secretion,1/69,0.0859875288365276,0.2785851062624401,0,0,11.709411764705882,28.729662442835576,PDE1C
KEGG_2021_Human,Taste transduction,1/86,0.1060549125253618,0.2785851062624401,0,0,9.359529411764706,21.000895961244385,PDE1C
KEGG_2021_Human,ECM-receptor interaction,1/88,0.1083877381251965,0.2785851062624401,0,0,9.143448275862069,20.317110671548264,LAMC1
KEGG_2021_Human,Morphine addiction,1/91,0.1118760044560733,0.2785851062624401,0,0,8.837333333333333,19.356977885596702,PDE1C
KEGG_2021_Human,Small cell lung cancer,1/92,0.1130358410465752,0.2785851062624401,0,0,8.73978021978022,19.05316077984729,LAMC1
KEGG_2021_Human,Rheumatoid arthritis,1/93,0.1141942211727404,0.2785851062624401,0,0,8.644347826086957,18.756977771089677,FLT1
KEGG_2021_Human,TGF-beta signaling pathway,1/94,0.1153511465610254,0.2785851062624401,0,0,8.550967741935484,18.46816083576708,SMAD1
KEGG_2021_Human,Viral protein interaction with cytokine and cytokine receptor,1/100,0.1222622476286691,0.2785851062624401,0,0,8.030303030303031,16.876380218002918,CCL25
KEGG_2021_Human,Amoebiasis,1/102,0.124554389413718,0.2785851062624401,0,0,7.87049504950495,16.39434189671731,LAMC1
KEGG_2021_Human,HIF-1 signaling pathway,1/109,0.1325316475049292,0.2785851062624401,0,0,7.357777777777778,14.869581899518366,FLT1
KEGG_2021_Human,Toxoplasmosis,1/112,0.1359290341840525,0.2785851062624401,0,0,7.157837837837838,14.284341073134293,LAMC1
KEGG_2021_Human,Pathways in cancer,2/531,0.1508810557550478,0.2785851062624401,0,0,3.063169502205419,5.793260559900932,PTGER3;LAMC1
KEGG_2021_Human,Purine metabolism,1/129,0.1549405489192802,0.2785851062624401,0,0,6.201875,11.564721842549098,PDE1C
KEGG_2021_Human,Natural killer cell mediated cytotoxicity,1/131,0.1571505727634277,0.2785851062624401,0,0,6.105846153846154,11.29917891851374,NCR2
KEGG_2021_Human,Signaling pathways regulating pluripotency of stem cells,1/143,0.1702944669620657,0.2887601831095897,0,0,5.586478873239437,9.889331165414369,SMAD1
KEGG_2021_Human,Phagosome,1/152,0.1800228135590292,0.2924072014069955,0,0,5.25112582781457,9.003956819260248,MRC2
KEGG_2021_Human,Hippo signaling pathway,1/163,0.1917641217146227,0.2924072014069955,0,0,4.891851851851852,8.078840476657266,SMAD1
KEGG_2021_Human,Wnt signaling pathway,1/166,0.1949381342713303,0.2924072014069955,0,0,4.802181818181818,7.8519179804021215,DKK2
KEGG_2021_Human,Tuberculosis,1/180,0.209592398561143,0.3027445756994288,0,0,4.423463687150838,6.912062748671535,MRC2
KEGG_2021_Human,Chemokine signaling pathway,1/192,0.2219487460421099,0.3091428962729389,0,0,4.143036649214659,6.236549516218437,CCL25
KEGG_2021_Human,Rap1 signaling pathway,1/210,0.240135643120886,0.319080144884456,0,0,3.782775119617225,5.39632289925392,FLT1
KEGG_2021_Human,cAMP signaling pathway,1/216,0.2461065825334588,0.319080144884456,0,0,3.676093023255814,5.153847769772427,PTGER3
KEGG_2021_Human,Human cytomegalovirus infection,1/225,0.2549784788180551,0.319080144884456,0,0,3.5267857142857144,4.819621187500162,PTGER3
KEGG_2021_Human,Ras signaling pathway,1/232,0.2618093496487844,0.319080144884456,0,0,3.418701298701299,4.581533959256237,FLT1
KEGG_2021_Human,Prion disease,1/273,0.3006254256249686,0.3552845939204175,0,0,2.8973529411764707,3.4823001706182133,LAMC1
KEGG_2021_Human,MAPK signaling pathway,1/294,0.3197391026488932,0.3572808208678258,0,0,2.6868259385665527,3.063653061374989,FLT1
KEGG_2021_Human,Cytokine-cytokine receptor interaction,1/295,0.3206366341121514,0.3572808208678258,0,0,2.6775510204081634,3.0455717810550733,CCL25
KEGG_2021_Human,Human papillomavirus infection,1/331,0.352200057218641,0.3815500619868611,0,0,2.381090909090909,2.484801515333859,LAMC1
KEGG_2021_Human,Alzheimer disease,1/369,0.3839857613799743,0.4047417484815945,0,0,2.131086956521739,2.0397694687546664,DKK2
KEGG_2021_Human,Olfactory transduction,1/440,0.4394016464626389,0.45096484768534,0,0,1.7799544419134397,1.4637301778044582,PDE1C
KEGG_2021_Human,Pathways of neurodegeneration,1/475,0.464923463825756,0.464923463825756,0,0,1.6455696202531649,1.2603129431954914,DKK2
MSigDB_Hallmark_2020,Interferon Alpha Response,3/97,0.0002651547273213109,0.0029167020005344,0,0,27.585568917668827,227.17259510257435,LGALS3BP;IFI27;IFI44L
MSigDB_Hallmark_2020,Interferon Gamma Response,3/200,0.0021616710096346,0.0118891905529908,0,0,13.094460384021188,80.35905008065508,LGALS3BP;IFI27;IFI44L
MSigDB_Hallmark_2020,TGF-beta Signaling,1/54,0.0679219085557706,0.2300828957266827,0,0,15.034716981132076,40.43431729208938,SMAD1
MSigDB_Hallmark_2020,Spermatogenesis,1/135,0.1615539599410189,0.2300828957266827,0,0,5.922388059701492,10.796016395484092,SCG5
MSigDB_Hallmark_2020,UV Response Dn,1/144,0.171380850253271,0.2300828957266827,0,0,5.547132867132867,9.784404634118642,LAMC1
MSigDB_Hallmark_2020,Xenobiotic Metabolism,1/200,0.2300828957266827,0.2300828957266827,0,0,3.974874371859297,5.840344997302112,CCL25
MSigDB_Hallmark_2020,KRAS Signaling Up,1/200,0.2300828957266827,0.2300828957266827,0,0,3.974874371859297,5.840344997302112,SCG5
MSigDB_Hallmark_2020,KRAS Signaling Dn,1/200,0.2300828957266827,0.2300828957266827,0,0,3.974874371859297,5.840344997302112,IFI44L
MSigDB_Hallmark_2020,Adipogenesis,1/200,0.2300828957266827,0.2300828957266827,0,0,3.974874371859297,5.840344997302112,PTGER3
MSigDB_Hallmark_2020,Estrogen Response Late,1/200,0.2300828957266827,0.2300828957266827,0,0,3.974874371859297,5.840344997302112,PTGER3
MSigDB_Hallmark_2020,Epithelial Mesenchymal Transition,1/200,0.2300828957266827,0.2300828957266827,0,0,3.974874371859297,5.840344997302112,LAMC1
